StartDate,EndDate,Status,IPAddress,Progress,Duration (in seconds),Finished,RecordedDate,ResponseId,RecipientLastName,RecipientFirstName,RecipientEmail,ExternalReference,LocationLatitude,LocationLongitude,ContactId,DistributionChannel,UserLanguage,Q3178,Age,Gender,Gender_3_TEXT,Race,Race_6_TEXT,Q3244,Q3246,Q3248,Accurate,Benevolent,Calm,Capable,Casual,Charitable,Charming,Clean,Clean-cut,Clear-headed,Clever,Comfortable,Communicative,Compassionate,Composed,Concise,Confident,Conscientious,Considerate,Constructive,Contemplative,Cooperative,Cordial,Courageous,Dedicated,Deep,Deliberate,Delicate,Democratic,Dependable,Dignified,Disciplined,Eager,Economical,Elegant,Enthusiastic,Ethical,Experienced,Extraverted,Fair,"Click ""1"" for this question.",Faithful,Fearless,Flexible,Foresighted,Frank,Friendly,Fun,Funny,Generous,Gentle,Giving,Glad,Good,Good-humored,Good-natured,Good-tempered,Graceful,Healthy,Helpful,Honest,Hospitable,Humble,Humorous,Industrious,Innocent,Inquisitive,Inventive,Knowledgeable,Lenient,Level-headed,Lively,Loyal,Lucky,Mathematical,"Click ""6"" for this question.",Mature,Modern,Moral,Natural,Neat,Nice,Normal,Open-minded,Optimistic,Orderly,Original,Outgoing,Outspoken,Passionate,Peaceful,Perfectionistic,Persevering,Persistent,Philosophical,Polished,Positive,Practical,Precise,Prideful,Prompt,Prudent,Punctual,Purposeful,Quick-witted,Quiet,Rational,Realistic,Refined,Reserved,Respectable,Respectful,Romantic,Scientific,Self-controlled,Self-critical,Self-sufficient,Sensitive,Sentimental,Sincere,Skillful,Smart,Sociable,Sophisticated,Stable,Steady,Straightforward,Studious,Subtle,Talkative,"Click ""3"" for this question.",Thoughtful,Thrifty,Tough,Unafraid,Unassuming,Understanding,Unenvious,Unprejudiced,Unpretentious,Unselfish,Untiring,Verbal,Versatile,Warm,Well-mannered,Well-organized,Well-read,Well-spoken,Wise,Witty,Accurate,Benevolent,Calm,Capable,Casual,Charitable,Charming,Clean,Clean-cut,Clear-headed,Clever,Comfortable,Communicative,Compassionate,Composed,Concise,Confident,Conscientious,Considerate,Constructive,Contemplative,Cooperative,Cordial,Courageous,Dedicated,Deep,Deliberate,Delicate,Democratic,Dependable,Dignified,Disciplined,Eager,Economical,Elegant,Enthusiastic,Ethical,Experienced,Extraverted,Fair,"Click ""1"" for this question.",Faithful,Fearless,Flexible,Foresighted,Frank,Friendly,Fun,Funny,Generous,Gentle,Giving,Glad,Good,Good-humored,Good-natured,Good-tempered,Graceful,Healthy,Helpful,Honest,Hospitable,Humble,Humorous,Industrious,Innocent,Inquisitive,Inventive,Knowledgeable,Lenient,Level-headed,Lively,Loyal,Lucky,Mathematical,"Click ""6"" for this question.",Mature,Modern,Moral,Natural,Neat,Nice,Normal,Open-minded,Optimistic,Orderly,Original,Outgoing,Outspoken,Passionate,Peaceful,Perfectionistic,Persevering,Persistent,Philosophical,Polished,Positive,Practical,Precise,Prideful,Prompt,Prudent,Punctual,Purposeful,Quick-witted,Quiet,Rational,Realistic,Refined,Reserved,Respectable,Respectful,Romantic,Scientific,Self-controlled,Self-critical,Self-sufficient,Sensitive,Sentimental,Sincere,Skillful,Smart,Sociable,Sophisticated,Stable,Steady,Straightforward,Studious,Subtle,Talkative,"Click ""3"" for this question.",Thoughtful,Thrifty,Tough,Unafraid,Unassuming,Understanding,Unenvious,Unprejudiced,Unpretentious,Unselfish,Untiring,Verbal,Versatile,Warm,Well-mannered,Well-organized,Well-read,Well-spoken,Wise,Witty,Abrupt,Absent-minded,Abusive,Afraid,Aimless,Angry,Annoying,Antisocial,Anxious,Argumentative,Bitter,Bland,Bossy,Bragging,Cheerless,Childish,Closed-minded,Cluttered,Cold-hearted,Cowardly,Crude,Cruel,Cunning,Cynical,Deceitful,Deceptive,Defensive,Demanding,Devious,Discourteous,Dishonest,Disturbed,Dominating,Dull,Eccentric,Egotistical,Finicky,Follower,Foolish,Forgetful,Glum,Gossipy,Gullible,Haphazard,"Click ""2"" for this question.",Headstrong,Heartless,Helpless,High-strung,Hostile,Hot-headed,Ignorant,Immodest,Imperceptive,Impersonal,Impolite,Inaccurate,Inconsiderate,Inconsistent,Indecisive,Inelegant,Inhibited,Insolent,Irresponsible,Jittery,Joyless,Liar,Lifeless,Lonely,Loud,Loud-mouthed,Maladjusted,Malicious,Manipulative,Meddlesome,Messy,Mischievous,Misfit,Moody,Negative,Nervous,Noncomittal,Nonconfident,Nonpersistent,Nosey,Obnoxious,Overcautious,"Click ""5"" for this question.",Pessimistic,Petty,Profane,Pushy,Reckless,Restless,Rigid,Rough,Rowdy,Rude,Sarcastic,Scheming,Self-centered,Self-conscious,Self-indulgent,Selfish,Short-sighted,Silent,Skeptical,Sly,Stereotyped,Stern,Temperamental,Tense,Theatrical,Thoughtless,Touchy,Troublesome,Unadventurous,Unambitious,Unappreciative,Unattractive,Uncaring,Uncharitable,Uncompromising,"Click ""7"" for this question.",Uneducated,Unforgiving,Unfriendlly,Ungrateful,Unhealthy,Unimaginative,Uninteresting,Unjust,Unkind,Unobservant,Unpatriotic,Unpolished,Unpopular,Unproductive,Unscientific,Unsuccessful,Unsympathetic,Untidy,Unwise,Uptight,Vague,Vain,Wasteful,Weak,Wishy-washy,Wordy,Worrier,Abrupt,Absent-minded,Abusive,Afraid,Aimless,Angry,Annoying,Antisocial,Anxious,Argumentative,Bitter,Bland,Bossy,Bragging,Cheerless,Childish,Closed-minded,Cluttered,Cold-hearted,Cowardly,Crude,Cruel,Cunning,Cynical,Deceitful,Deceptive,Defensive,Demanding,Devious,Discourteous,Dishonest,Disturbed,Dominating,Dull,Eccentric,Egotistical,Finicky,Follower,Foolish,Forgetful,Glum,Gossipy,Gullible,Haphazard,"Click ""2"" for this question.",Headstrong,Heartless,Helpless,High-strung,Hostile,Hot-headed,Ignorant,Immodest,Imperceptive,Impersonal,Impolite,Inaccurate,Inconsiderate,Inconsistent,Indecisive,Inelegant,Inhibited,Insolent,Irresponsible,Jittery,Joyless,Liar,Lifeless,Lonely,Loud,Loud-mouthed,Maladjusted,Malicious,Manipulative,Meddlesome,Messy,Mischievous,Misfit,Moody,Negative,Nervous,Noncomittal,Nonconfident,Nonpersistent,Nosey,Obnoxious,Overcautious,"Click ""5"" for this question.",Pessimistic,Petty,Profane,Pushy,Reckless,Restless,Rigid,Rough,Rowdy,Rude,Sarcastic,Scheming,Self-centered,Self-conscious,Self-indulgent,Selfish,Short-sighted,Silent,Skeptical,Sly,Stereotyped,Stern,Temperamental,Tense,Theatrical,Thoughtless,Touchy,Troublesome,Unadventurous,Unambitious,Unappreciative,Unattractive,Uncaring,Uncharitable,Uncompromising,"Click ""7"" for this question.",Uneducated,Unforgiving,Unfriendlly,Ungrateful,Unhealthy,Unimaginative,Uninteresting,Unjust,Unkind,Unobservant,Unpatriotic,Unpolished,Unpopular,Unproductive,Unscientific,Unsuccessful,Unsympathetic,Untidy,Unwise,Uptight,Vague,Vain,Wasteful,Weak,Wishy-washy,Wordy,Worrier,Q3256,Com,id
11/5/19 18:14,11/5/19 18:57,0,23.240.6.43,100,2564,1,11/5/19 18:57,R_bDvKbLiKgIo4OIh,,,,,33.84190369,-117.6043015,,anonymous,EN,3,24,2,,4,,5,5,1,4,7,3,7,7,5,5,1,1,3,6,5,7,3,4,4,4,4,4,4,3,4,5,7,7,2,2,1,5,4,7,4,5,4,1,5,7,6,7,4,1,7,7,5,3,5,7,6,7,7,5,7,6,4,7,6,3,4,4,5,5,7,6,7,7,3,1,7,5,1,4,5,7,6,4,6,7,1,6,3,1,5,5,1,7,3,5,6,5,7,3,1,6,7,6,1,4,3,1,7,1,1,7,7,7,4,3,5,1,7,5,4,7,1,1,1,7,2,6,5,7,4,3,1,4,4,5,4,1,6,3,5,6,7,6,3,3,2,4,1,4,7,5,7,7,2,4,2,1,7,7,2,3,2,6,3,3,3,2,1,3,5,4,3,5,4,2,1,4,4,5,5,5,2,4,7,1,1,1,4,3,7,5,3,7,1,1,5,7,7,4,1,7,2,7,5,3,7,7,7,6,4,5,7,4,4,4,1,1,3,5,2,7,6,6,5,3,1,4,1,1,3,7,7,4,2,6,3,2,6,3,2,6,4,2,5,3,4,6,4,6,4,1,3,3,2,1,4,3,2,7,4,1,6,4,7,4,4,7,2,5,1,4,7,1,4,1,5,4,4,4,7,2,3,1,3,1,3,2,1,5,3,4,5,7,7,3,4,3,1,1,4,4,3,6,4,3,4,1,2,4,2,1,1,4,1,1,3,3,1,1,3,1,1,1,1,1,3,5,4,1,1,3,1,1,1,1,1,3,5,1,1,1,1,5,1,5,1,1,1,2,3,1,3,1,1,2,4,1,1,1,1,7,3,1,1,1,2,1,1,3,1,2,1,2,1,1,1,1,1,1,7,5,1,1,1,4,4,2,1,4,1,1,1,1,1,5,3,4,5,1,1,3,1,3,1,1,3,7,3,4,1,1,1,1,1,2,1,4,1,7,1,5,1,5,1,1,4,1,1,1,3,1,1,1,7,4,1,1,1,4,1,1,1,1,1,1,3,2,2,1,2,1,3,1,1,1,1,1,1,4,1,7,1,1,4,1,1,3,4,1,1,4,1,1,1,1,1,2,3,1,1,1,4,1,1,1,1,2,1,3,1,1,1,1,4,1,6,1,1,1,1,1,1,4,1,1,2,4,1,1,1,1,7,5,1,1,1,3,1,1,1,1,3,1,1,1,1,1,3,1,1,7,4,1,1,1,4,3,1,1,4,1,1,1,1,1,4,5,2,5,1,1,3,1,2,1,1,4,5,3,5,1,1,1,1,1,1,1,1,1,7,2,4,2,5,1,1,3,1,1,1,2,1,1,1,7,5,4,1,1,3,1,1,1,1,1,1,1,1,1,1,2,1,3,1,1,1,1,1,1,1,3,1,Hispanics,,152095
11/5/19 18:48,11/5/19 19:09,0,169.235.64.151,100,1301,1,11/5/19 19:09,R_11YpLyomu65eLs6,,,,,33.94729614,-117.4008026,,anonymous,EN,3,19,1,,2,,5,7,1,4,4,1,6,4,6,6,3,2,5,6,5,4,5,7,6,5,5,5,4,5,5,3,4,6,6,1,5,3,2,4,5,4,2,5,5,4,5,5,5,1,7,4,3,4,3,6,5,6,4,6,5,4,5,5,5,4,4,1,5,5,5,3,6,3,2,3,5,6,7,4,5,5,6,3,6,4,4,5,5,3,6,4,6,6,4,5,6,5,6,3,5,7,5,6,5,5,3,5,5,4,5,4,5,3,3,4,6,5,3,5,4,7,4,5,1,6,2,5,5,5,5,6,5,5,4,5,1,3,6,3,6,6,7,5,3,5,7,2,3,6,7,5,2,5,4,5,4,4,6,5,7,6,6,7,7,7,7,7,5,4,5,7,7,7,7,7,7,7,7,7,6,7,6,5,7,7,5,7,4,7,6,7,5,7,7,7,7,7,7,7,1,6,7,7,2,3,7,7,7,7,7,7,7,7,7,7,6,7,7,7,7,7,7,6,4,7,3,7,7,6,3,7,7,7,2,6,7,7,6,7,7,7,7,7,7,6,7,7,7,7,6,7,7,7,7,7,7,7,6,7,4,5,6,7,6,7,7,7,7,7,6,7,7,7,6,7,7,7,5,7,7,7,5,7,6,7,7,7,7,7,3,7,3,7,7,3,7,6,3,2,7,2,7,7,6,7,7,7,5,7,5,4,2,4,2,2,5,2,2,3,3,2,2,3,1,2,2,2,4,2,3,2,3,5,2,2,2,3,1,2,2,1,2,4,1,2,1,2,4,2,1,2,3,3,1,2,3,1,1,2,5,3,1,1,4,2,2,1,1,3,3,2,4,3,3,2,1,2,1,3,5,5,1,2,2,2,4,2,3,3,3,3,3,1,2,3,3,5,5,1,2,3,2,2,2,3,3,2,3,4,2,2,5,1,1,1,1,2,2,7,3,3,1,2,2,4,2,1,1,2,1,1,2,2,7,3,2,1,2,1,2,1,1,2,2,1,1,1,2,2,3,1,3,1,2,3,3,2,1,1,3,5,5,6,7,7,2,7,7,7,6,6,3,7,7,7,5,7,5,7,7,5,6,7,6,3,3,6,7,6,2,2,7,7,6,6,6,7,5,7,6,7,2,5,6,5,2,5,6,7,6,6,5,7,5,6,5,6,7,5,4,7,6,3,3,7,2,3,7,7,7,7,7,4,7,7,4,7,5,6,7,7,7,3,7,5,7,7,6,5,7,5,4,5,5,6,5,7,6,5,,5,6,7,1,7,2,7,6,5,7,3,6,6,5,5,7,6,5,5,5,7,4,5,5,7,7,3,7,7,7,5,5,4,5,5,7,5,7,7,7,7,5,4,7,5,4,5,7,7,1,6,2,Hispanic/Latino,,151183
11/5/19 20:40,11/5/19 21:04,0,12.156.141.232,100,1452,1,11/5/19 21:04,R_1qfVqb487MS2D2r,,,,,33.97639465,-117.3340988,,anonymous,EN,3,20,2,,2,,6,3,1,1,7,5,7,4,5,6,5,4,5,5,5,3,5,5,4,5,1,5,7,4,7,7,7,6,1,4,3,4,7,6,7,5,4,4,5,5,6,,4,1,4,7,,,4,5,7,6,4,3,5,1,1,7,7,5,5,1,6,5,6,7,6,6,4,1,3,6,4,5,5,7,1,1,6,6,1,6,1,5,6,4,3,5,5,1,6,5,7,5,2,7,7,2,4,5,7,5,7,6,3,3,5,1,3,7,5,5,4,7,6,5,1,6,5,5,3,4,4,7,6,6,5,1,4,7,4,4,6,3,6,5,7,6,1,5,1,3,4,7,6,4,5,1,6,6,3,4,4,4,3,3,4,7,5,3,3,3,2,2,2,4,3,3,3,3,4,4,3,3,3,4,5,3,7,3,3,3,3,3,4,3,3,3,3,4,3,3,3,3,1,3,2,4,3,3,5,3,3,4,4,4,4,3,3,4,3,2,3,4,2,4,5,4,3,3,2,3,3,3,3,3,3,1,4,6,3,5,3,3,3,4,4,4,3,3,1,3,1,5,2,3,5,4,3,3,4,4,4,5,3,2,3,4,3,2,3,4,3,3,4,4,3,3,3,7,2,2,3,4,4,4,3,3,4,3,3,3,4,5,3,4,2,3,4,2,3,4,1,4,3,4,4,4,5,4,4,4,4,3,3,3,2,2,4,2,3,3,2,4,5,2,2,3,2,2,2,4,3,2,4,5,2,3,2,2,2,4,3,4,2,1,2,3,1,2,4,4,3,2,3,2,5,3,1,2,6,2,2,3,3,3,2,2,2,3,2,2,2,3,2,3,2,1,1,3,2,3,2,4,7,4,2,2,3,3,3,4,2,2,1,3,2,2,2,2,2,5,5,2,3,4,5,2,3,3,3,2,2,3,2,3,5,3,2,4,3,4,2,7,2,4,5,4,2,2,3,3,2,2,1,2,2,2,7,2,2,3,2,3,2,3,3,2,3,2,3,2,2,2,3,2,4,2,4,2,2,2,2,3,4,5,3,4,2,5,3,4,5,5,6,5,7,3,4,5,5,2,4,4,4,3,4,3,4,6,4,5,6,4,3,3,3,3,4,5,4,6,4,4,4,4,3,5,5,2,2,7,6,5,4,6,3,5,4,5,3,5,3,3,5,5,3,3,4,3,4,3,5,1,5,5,5,2,4,4,5,5,4,2,5,7,5,4,6,4,7,5,5,5,4,6,5,4,4,4,3,3,3,3,5,4,4,7,4,4,4,5,4,4,7,3,4,4,3,3,4,3,6,2,6,4,5,4,6,7,3,6,3,4,4,3,2,4,3,4,3,6,3,4,3,4,3,4,3,5,5,4,7,3,4,5,4,hispanics/latinos,,135850
11/5/19 21:58,11/5/19 22:22,0,68.118.139.226,100,1423,1,11/5/19 22:22,R_2qkgLSNF7zksWKg,,,,,33.94490051,-117.3834,,anonymous,EN,3,18,1,,2,,4,5,1,4,4,4,5,4,4,5,4,4,5,6,4,7,5,4,4,6,4,5,6,5,4,4,5,5,5,4,4,4,4,4,4,6,4,4,7,4,6,3,4,1,4,5,5,4,4,5,5,5,5,5,5,4,5,5,6,4,4,4,5,4,4,5,5,4,4,5,5,6,4,4,4,5,5,3,6,4,5,4,4,4,5,5,7,5,4,5,4,5,5,5,4,5,4,4,3,7,4,5,4,4,4,5,4,4,5,4,4,4,4,6,5,4,4,5,5,5,4,4,4,7,6,5,4,4,4,5,4,4,7,3,5,5,5,6,4,5,4,4,4,5,3,6,4,4,4,4,4,6,5,4,5,3,4,6,3,4,5,4,3,4,5,6,7,4,3,4,7,4,5,6,4,4,3,3,4,4,4,4,3,4,3,5,5,4,3,4,4,6,4,4,1,4,3,2,4,3,5,5,5,4,4,4,3,4,4,5,3,3,5,5,3,4,5,4,3,3,4,4,4,4,3,4,3,3,3,6,4,3,3,3,3,4,5,6,4,4,5,3,5,4,3,4,3,5,4,2,4,4,5,5,4,4,4,3,4,6,3,5,4,5,4,5,5,6,3,4,4,5,4,3,7,5,6,4,4,5,4,3,4,7,3,4,5,3,3,3,6,3,3,3,3,3,4,4,3,3,3,4,3,4,3,3,4,3,4,4,3,2,4,5,4,4,5,5,6,4,2,5,5,2,2,3,2,2,2,3,3,5,4,3,3,3,4,4,3,4,2,3,6,2,4,3,5,3,2,2,3,3,4,2,3,4,3,3,3,3,2,2,2,4,5,3,3,2,3,3,4,3,2,3,6,6,2,3,3,2,4,4,4,3,2,4,2,4,4,5,3,5,5,3,3,2,5,4,4,3,5,4,3,7,3,4,4,3,3,3,6,3,4,4,3,3,4,3,3,3,4,4,3,3,3,3,4,3,7,4,3,4,2,4,3,3,2,3,5,3,3,3,4,3,2,3,3,3,4,5,3,3,1,4,6,5,4,5,5,6,3,6,6,5,5,3,2,3,4,5,5,6,3,2,5,4,3,5,5,4,4,5,5,5,3,4,5,6,3,1,5,7,5,4,5,4,3,5,4,3,2,3,6,4,3,5,6,5,3,4,4,5,4,6,3,5,4,4,3,4,4,5,4,3,6,5,3,4,5,4,3,2,4,5,7,3,7,3,5,2,3,6,4,5,4,4,5,5,3,3,4,5,7,5,5,4,4,4,4,4,2,5,3,4,5,3,5,5,4,5,3,3,3,5,4,2,4,4,1,7,1,4,6,6,2,3,5,4,7,4,4,4,3,4,2,2,4,4,3,4,3,3,2,4,4,3,4,Latinos,,152728
11/5/19 22:50,11/5/19 23:15,0,169.235.204.233,100,1448,1,11/5/19 23:15,R_3RaofaAml5mt3UA,,,,,33.94729614,-117.4008026,,anonymous,EN,3,18,2,,4,,6,6,1,2,5,3,5,4,2,4,5,5,5,4,6,5,5,6,5,5,5,5,5,6,6,3,5,5,3,5,5,3,5,5,5,5,2,3,5,5,5,5,5,1,5,5,5,2,5,5,5,5,6,2,5,5,5,5,5,5,5,4,6,5,6,6,6,5,5,5,5,4,2,6,5,6,5,2,6,5,5,6,4,5,5,5,3,5,5,5,4,3,5,3,2,6,4,1,3,6,6,6,5,6,3,2,3,2,6,2,6,5,5,5,5,6,5,5,5,5,5,2,6,5,5,5,2,6,6,5,4,2,5,3,6,5,6,6,2,6,2,2,5,5,4,6,5,5,4,6,3,3,5,2,4,5,4,5,6,5,5,3,2,5,5,5,4,5,5,4,5,5,6,3,5,4,3,5,5,3,3,2,5,6,5,4,5,1,4,5,5,5,5,6,1,4,4,6,4,4,5,5,6,5,3,5,5,6,6,4,5,5,4,6,5,5,4,6,4,3,3,3,5,5,5,5,4,3,1,6,6,4,6,2,5,5,7,5,5,4,3,6,4,5,5,3,5,4,2,1,5,5,5,3,4,3,3,5,3,3,5,6,4,5,4,5,2,1,5,5,4,3,2,6,5,6,5,3,5,5,5,3,4,5,3,5,4,4,5,5,5,5,6,4,5,2,1,3,3,4,5,5,4,5,4,1,2,2,1,1,1,1,1,1,2,1,1,1,1,1,1,1,1,1,1,1,1,1,1,1,2,1,1,1,1,1,1,1,1,1,1,1,1,1,1,1,1,1,1,2,2,1,1,2,1,3,2,1,1,2,1,1,1,2,1,1,1,1,2,1,2,1,1,2,1,1,1,1,1,1,1,1,1,1,1,1,1,1,1,1,1,1,5,1,1,1,1,2,1,3,1,1,1,1,1,1,1,1,1,2,2,1,1,2,1,1,1,1,1,1,3,1,1,1,1,1,1,1,7,2,1,1,1,2,1,1,1,1,1,2,1,1,2,1,1,1,2,2,2,1,2,1,2,1,2,1,6,1,1,6,1,2,5,7,7,6,2,3,7,5,1,5,2,3,2,3,4,1,4,1,3,3,3,6,2,2,4,2,3,6,5,5,2,5,6,4,3,5,5,4,2,6,2,6,3,2,2,6,2,5,2,4,2,3,2,5,3,5,5,4,3,2,2,5,5,6,3,5,2,5,2,3,4,2,7,2,3,5,4,4,5,5,4,5,2,6,4,2,4,5,5,3,3,3,7,3,5,5,2,2,2,3,3,3,2,6,2,5,3,2,2,5,3,2,2,2,2,3,3,7,3,2,3,3,2,2,3,3,2,3,5,2,2,3,3,2,3,3,3,3,6,2,2,3,3,3,6,hispanics,No,152077
11/5/19 22:05,11/5/19 23:22,0,107.142.12.73,100,4631,1,11/5/19 23:22,R_3g7LZqUF1ZIEavH,,,,,33.97639465,-117.3340988,,anonymous,EN,3,18,2,,2,,4,7,2,3,3,2,2,3,2,2,2,2,3,3,2,2,2,2,2,3,2,3,2,3,2,2,2,2,3,2,2,2,2,3,2,2,2,2,2,2,2,3,3,1,2,2,3,2,2,2,2,3,2,3,3,2,2,2,3,2,2,2,2,3,2,2,3,3,2,2,2,3,3,3,3,3,2,2,6,2,2,2,3,2,3,2,4,2,3,2,4,2,2,2,2,2,3,2,2,3,2,2,2,2,2,2,2,2,2,3,2,3,2,2,2,3,2,2,3,2,3,2,3,2,2,3,2,2,3,2,2,2,4,3,2,2,2,3,2,2,2,3,2,2,2,4,2,,3,2,3,2,2,3,5,4,5,6,5,4,7,7,4,5,7,7,6,5,7,4,6,4,6,5,5,4,5,5,5,5,4,4,6,5,3,4,4,6,5,6,5,5,6,6,1,4,4,5,5,4,6,6,4,6,6,5,4,5,5,5,5,5,6,5,6,4,5,4,4,5,5,6,5,4,4,4,4,7,7,6,6,5,6,5,6,6,5,5,4,6,5,6,4,6,7,6,6,4,5,4,6,5,4,4,5,5,4,7,3,6,6,5,5,3,5,6,5,6,6,5,6,7,6,4,7,7,5,6,4,7,6,4,5,5,3,5,3,6,4,5,6,6,4,3,5,4,5,3,6,7,4,6,5,4,3,2,2,3,4,2,2,2,3,3,2,2,2,3,2,2,3,3,2,4,3,2,2,3,2,2,3,2,2,3,2,2,3,3,3,2,2,2,4,2,2,2,3,2,2,2,3,2,2,2,3,3,2,2,2,2,2,2,2,2,2,3,2,2,3,2,2,3,2,3,4,4,2,2,3,3,2,2,3,3,2,3,2,2,2,2,3,2,5,2,2,2,3,2,2,2,2,2,3,2,3,3,5,2,2,2,6,2,2,3,2,3,2,2,2,3,2,2,3,2,3,2,2,2,7,1,2,2,2,2,3,2,2,2,2,3,2,2,2,2,2,3,2,3,2,2,2,2,3,2,2,4,3,2,2,3,2,2,2,2,2,2,3,2,3,2,3,2,2,2,2,2,2,2,3,3,2,2,3,2,2,2,3,2,2,2,3,3,2,2,2,2,2,2,3,2,2,2,2,2,2,2,3,2,3,3,2,2,3,2,2,4,2,2,2,3,2,2,2,2,3,2,2,3,3,2,3,2,2,2,3,3,3,2,4,2,2,3,2,5,2,2,2,2,2,2,2,2,2,4,2,2,2,2,2,2,2,2,2,2,4,2,2,2,2,3,2,2,2,3,2,2,3,2,3,7,2,2,2,3,2,3,2,2,2,2,2,2,2,2,2,2,2,2,2,2,2,2,2,3,2,2,2,latino,,151405
11/5/19 22:43,11/5/19 23:35,0,76.171.80.138,100,3115,1,11/5/19 23:35,R_BSsznfshryr9r2h,,,,,34.13009644,-117.2043991,,anonymous,EN,3,17,2,,4,,6,3,1,5,4,2,4,7,7,5,1,1,1,2,7,1,2,3,2,5,3,3,5,2,4,2,7,5,2,3,5,7,1,1,7,5,1,1,6,1,7,7,4,1,7,7,1,2,5,4,3,7,7,1,7,5,6,7,5,1,2,1,2,1,7,4,7,7,1,1,1,1,1,1,4,4,4,1,6,1,1,3,4,1,6,4,1,7,4,4,4,7,5,1,6,1,5,1,1,5,3,4,7,3,4,1,6,4,1,4,1,5,1,3,4,1,1,1,7,3,2,2,5,7,4,7,3,4,4,1,1,1,7,3,2,7,7,7,1,1,1,1,1,5,7,6,7,4,1,2,1,2,2,2,3,5,4,4,7,7,4,3,2,2,5,6,1,3,3,1,4,1,4,4,3,4,4,7,4,4,4,1,7,4,4,7,4,1,1,5,4,7,3,3,1,7,7,1,1,1,6,6,6,7,2,7,6,5,7,5,1,4,1,4,1,7,4,7,7,1,3,4,3,2,2,3,4,4,1,6,1,3,3,3,2,4,6,1,5,3,2,7,3,4,4,6,3,5,1,4,4,1,4,7,3,4,1,7,1,1,1,2,4,2,5,5,3,1,4,4,4,2,2,2,7,4,4,3,3,5,2,2,1,7,3,4,7,7,1,2,1,1,1,4,3,7,4,7,3,3,3,3,4,6,3,3,5,7,1,3,7,5,1,4,7,3,1,6,5,1,2,5,3,4,2,4,3,4,5,4,3,7,5,4,1,4,1,7,1,1,7,4,4,7,7,1,7,7,3,2,7,1,1,2,5,7,7,3,4,4,5,2,1,2,7,4,4,3,2,2,,5,1,1,7,7,2,3,5,5,4,5,1,7,3,2,1,4,2,7,3,6,5,3,4,1,5,6,4,7,7,7,3,7,5,6,7,1,2,1,1,7,4,7,7,7,5,5,4,3,4,1,1,2,1,1,3,2,7,7,6,1,2,7,5,1,7,2,5,1,4,1,2,7,3,2,7,1,5,2,7,2,3,7,1,7,7,4,6,1,4,5,4,1,4,7,5,1,7,7,4,5,2,5,3,2,6,6,3,6,4,4,7,6,3,1,5,3,6,2,4,6,3,2,5,4,4,7,4,4,2,7,2,3,4,5,7,3,4,5,3,5,4,5,5,7,4,3,3,5,4,2,5,3,1,1,7,4,4,5,1,2,2,3,6,1,2,1,3,1,7,5,3,5,2,6,5,5,6,5,7,7,5,4,7,4,7,4,5,2,5,1,6,4,7,4,5,5,7,4,4,4,7,1,5,1,3,1,6,7,2,7,2,4,7,4,4,2,1,2,1,2,2,2,7,5,3,2,2,5,4,5,5,1,4,2,2,Latino/Hispanic,"I am not really sure how the data is analyzed because genders, ages, and generations really differentiate the Hispanic/Latino culture.",152401
11/5/19 22:45,11/5/19 23:37,0,76.86.64.178,100,3145,1,11/5/19 23:37,R_1HdIbykGdBXeAet,,,,,34.11470032,-117.3844986,,anonymous,EN,3,18,1,,4,,6,3,1,3,4,3,5,5,5,3,4,3,3,4,3,4,3,5,4,7,3,4,6,2,6,3,7,3,4,3,1,5,3,4,3,2,1,5,5,3,3,5,3,1,7,7,1,3,3,5,5,5,5,1,4,4,4,5,3,1,5,1,5,3,6,3,5,7,4,3,3,1,1,3,5,7,1,1,6,2,1,5,5,4,4,5,1,2,5,6,5,6,4,2,5,2,4,2,2,4,5,4,7,3,1,3,3,5,1,2,3,3,3,6,6,7,1,3,6,4,1,1,4,5,1,5,5,2,3,6,1,4,5,3,3,4,7,7,1,3,1,3,4,1,5,7,3,3,7,4,1,2,5,2,3,4,1,5,4,5,5,4,3,1,3,3,5,3,5,5,7,3,3,4,1,4,5,7,5,3,4,1,5,3,4,4,4,2,7,5,3,5,5,2,1,7,7,2,3,5,5,5,6,4,2,4,4,5,5,6,1,4,1,5,3,7,3,5,7,4,4,2,3,1,4,3,7,2,1,6,3,1,4,7,4,5,6,1,3,5,5,5,4,4,3,3,3,7,1,3,4,7,5,7,5,1,3,5,6,3,3,1,2,3,3,4,7,1,3,5,4,2,1,4,5,2,5,4,2,5,5,1,3,5,3,5,4,7,7,1,3,1,1,1,1,5,6,2,5,5,4,1,2,5,3,4,5,7,1,3,7,3,1,1,6,6,1,7,7,1,6,7,4,3,1,4,6,3,1,5,4,7,7,4,2,5,5,6,1,3,6,4,5,4,5,4,7,7,4,2,7,3,1,3,6,7,5,1,5,3,1,3,5,4,1,1,4,4,5,4,1,5,1,1,7,7,5,5,1,3,1,2,5,5,3,1,3,1,1,7,5,1,5,3,2,1,5,7,3,3,7,7,5,5,2,5,1,5,5,7,1,1,3,7,4,6,4,7,5,7,6,1,3,2,5,3,1,7,7,7,3,3,2,7,3,2,6,5,3,1,4,3,2,7,3,3,3,1,6,5,4,3,1,4,7,1,3,5,6,1,5,5,5,1,1,7,4,3,7,7,1,5,7,3,4,1,6,5,4,1,3,4,7,7,3,1,5,3,7,4,3,6,7,3,6,5,2,7,7,4,2,7,3,2,5,5,7,5,4,5,1,3,5,4,5,3,1,4,3,5,1,1,5,1,3,5,6,5,3,2,7,3,3,2,7,4,1,5,1,2,7,3,1,5,5,6,1,6,6,4,7,7,6,5,3,1,7,1,5,5,7,1,1,5,7,4,7,4,7,5,4,3,1,3,3,4,4,2,7,7,7,4,3,5,7,3,4,6,4,5,1,5,3,4,7,5,5,4,3,5,4,7,5,1,4,4,1,Latinos,"A concern that I have about this study is that Hispanic men and women are drastically different. Thus, I had to put 4 on a lot of my answers because I couldn't necessarily let one side outweigh the other. When I say that they're different, I mean that their roles aren't similar in the sense that the man is typically the provider while the woman is the maintainer. Consequently, when asked about words like ""warm-hearted,"" I could easily say that the women are while men aren't.  ",152404
11/6/19 9:06,11/6/19 9:33,0,47.152.15.251,100,1644,1,11/6/19 9:33,R_3QSlnPumde8F6zH,,,,,33.69270325,-117.3030014,,anonymous,EN,3,18,1,,2,,4,6,1,4,6,7,5,6,7,7,5,5,5,5,4,5,7,5,7,7,5,7,7,5,7,7,5,7,3,5,6,5,6,4,7,7,5,6,7,7,6,6,5,1,7,7,5,4,7,7,7,7,7,7,7,7,7,6,6,3,6,5,7,7,7,7,7,3,7,3,5,6,4,4,7,7,3,3,6,5,4,7,5,7,6,5,5,7,5,6,5,7,7,7,4,7,7,3,5,7,6,5,7,7,1,7,7,5,1,4,7,5,3,7,7,7,5,5,7,7,5,7,5,7,6,7,5,4,4,6,6,5,6,3,5,5,7,7,5,5,4,5,7,7,5,5,7,7,7,7,4,5,5,6,4,3,4,4,5,2,5,5,4,3,3,5,5,5,4,5,4,3,5,3,2,3,3,3,4,5,3,3,4,5,4,3,3,3,3,4,4,3,4,4,1,4,2,3,3,5,5,5,4,5,4,4,5,5,5,5,5,3,4,3,2,5,5,5,2,2,4,4,4,4,3,6,4,5,3,6,3,6,5,5,4,5,4,4,4,2,3,5,5,5,5,4,5,4,1,5,5,3,4,7,4,1,4,3,4,5,5,6,2,5,4,4,3,4,3,7,3,5,5,5,4,4,5,4,4,3,3,2,3,4,3,5,4,4,1,4,4,1,2,3,4,2,1,4,5,5,5,4,5,4,3,1,2,1,1,1,3,4,2,5,5,1,1,1,1,1,1,4,1,1,1,1,1,5,1,1,1,1,2,1,1,1,1,1,1,5,1,3,3,1,3,1,5,3,1,2,6,2,1,1,2,4,2,1,1,1,1,2,1,1,3,1,1,1,1,1,1,1,1,1,7,4,3,1,1,4,1,1,1,1,1,1,4,1,1,7,1,3,5,1,1,1,3,3,4,1,3,6,1,3,1,1,4,1,4,5,1,1,1,7,7,4,3,5,1,3,1,3,1,1,1,2,1,5,7,1,1,1,1,4,1,1,1,1,4,1,1,1,1,2,1,1,1,1,4,3,2,1,1,1,3,2,4,5,4,7,5,3,6,5,7,5,4,4,4,5,3,5,6,6,5,4,2,3,5,3,4,5,5,5,4,2,4,3,4,2,3,5,5,6,5,6,5,7,4,3,2,6,2,5,5,3,5,5,3,3,2,5,4,3,5,7,4,3,3,3,7,3,6,5,7,6,6,4,3,4,4,5,5,5,5,6,7,5,6,4,6,5,5,5,5,6,3,5,5,5,4,4,4,6,6,5,6,6,5,5,5,6,4,4,7,4,4,5,4,4,5,5,6,5,5,2,4,3,4,7,2,3,3,3,6,3,5,3,5,3,4,2,4,5,3,5,5,5,6,4,5,4,6,5,4,5,6,Hispanics,,152149
11/6/19 15:08,11/6/19 15:50,0,169.235.64.174,100,2540,1,11/6/19 15:50,R_2YxDRvI1ymjEQFY,,,,,33.94729614,-117.4008026,,anonymous,EN,3,18,2,,3,,4,7,1,4,3,5,5,4,5,2,1,3,5,1,3,3,5,2,4,5,4,3,1,4,1,2,1,2,2,5,1,4,1,3,3,2,3,5,1,1,5,1,5,1,3,3,5,4,7,1,1,1,5,4,3,1,1,1,6,2,5,3,1,6,3,3,1,4,7,5,3,2,4,5,3,5,5,3,6,4,1,1,2,2,1,7,4,1,5,3,1,3,1,3,6,2,5,1,1,1,5,5,2,5,4,1,2,3,7,5,5,3,6,1,1,4,4,4,5,2,5,5,1,1,2,1,3,4,2,4,3,4,1,3,1,4,4,5,7,5,4,5,2,5,1,1,1,1,6,2,2,1,4,1,4,4,5,6,4,3,6,5,1,4,7,6,6,5,6,6,3,4,7,3,5,4,1,5,6,1,6,2,4,5,4,6,4,2,3,6,5,6,7,3,1,5,2,1,3,1,5,6,6,3,1,1,6,6,7,6,5,5,5,7,5,1,3,4,2,1,7,1,6,2,4,7,5,4,6,6,5,6,5,4,5,6,1,1,7,6,5,3,1,5,5,2,6,2,7,5,5,5,5,6,3,3,4,5,7,3,5,7,6,3,5,7,1,6,5,4,7,6,6,5,5,5,7,3,7,7,2,6,5,6,3,7,1,4,2,1,5,1,3,7,4,3,7,4,5,5,5,7,4,3,5,7,6,7,7,7,7,7,7,7,7,7,7,6,7,7,7,5,7,7,5,7,7,6,7,7,7,6,7,7,7,7,7,7,7,5,7,4,7,7,7,7,5,7,7,2,2,7,7,7,7,3,7,7,7,7,7,7,7,5,6,7,7,7,7,7,7,6,7,7,6,5,7,7,7,7,6,7,7,7,7,4,7,7,7,6,7,7,5,7,1,7,7,7,6,7,7,1,7,3,7,7,6,7,7,7,3,6,7,7,7,7,7,7,7,3,7,7,7,7,4,7,7,6,7,7,7,7,7,7,7,7,7,7,7,2,1,7,5,3,7,7,7,7,7,7,7,7,4,7,7,3,5,5,1,2,1,5,6,2,5,5,1,7,6,4,5,6,7,4,1,5,1,1,2,3,1,5,6,7,4,1,3,3,5,7,1,5,1,6,6,5,1,6,7,1,2,6,1,1,5,1,5,6,1,5,2,5,1,1,4,7,5,1,2,1,1,1,2,1,7,6,6,1,1,6,1,5,4,1,5,1,7,1,1,3,6,5,7,5,1,3,7,3,2,6,2,5,6,5,7,5,5,5,7,6,5,1,5,3,7,5,3,1,1,1,3,3,1,,2,5,1,4,2,7,5,3,5,2,5,1,1,3,4,3,1,3,3,5,1,1,5,5,5,5,1,4,7,5,1,4,5,Hispanic/Latino ,,152083
11/6/19 19:09,11/6/19 20:18,0,169.235.64.150,100,4139,1,11/6/19 20:19,R_3iPZpO7Go2df0w8,,,,,33.94729614,-117.4008026,,anonymous,EN,3,18,2,,4,,6,3,2,3,5,1,6,6,1,4,2,2,4,3,5,3,5,4,2,3,3,5,6,4,4,2,3,6,2,4,2,2,3,4,4,4,5,1,4,5,4,6,1,1,1,6,4,4,7,3,7,6,2,2,5,5,4,5,6,2,2,6,1,2,6,4,4,6,2,5,4,4,1,2,3,4,2,3,6,4,4,6,2,2,2,1,3,5,4,5,6,7,4,6,3,4,5,3,2,7,2,4,5,3,2,3,3,6,2,1,2,2,3,3,4,4,3,2,4,2,1,4,3,4,4,6,1,5,3,7,3,5,6,3,4,6,4,6,3,5,2,5,5,2,4,7,5,6,3,2,5,3,6,4,3,4,3,3,6,3,4,4,3,3,5,5,5,6,3,2,6,3,3,4,4,5,4,4,4,4,4,4,3,4,5,6,4,4,2,5,5,4,6,5,1,3,4,4,3,2,4,6,4,3,5,5,5,4,4,4,3,3,4,5,4,5,4,4,4,2,4,5,5,4,3,5,3,2,4,6,4,5,5,1,4,5,2,5,5,3,1,5,6,5,3,4,4,4,3,4,7,4,4,7,3,5,3,5,5,3,3,3,4,2,3,5,5,5,6,5,5,5,5,4,4,4,5,3,3,6,4,5,4,6,3,4,3,4,3,3,5,5,2,4,3,4,7,4,6,5,3,4,4,5,5,3,4,3,2,5,3,5,2,3,7,4,4,5,6,4,2,4,7,4,3,6,1,2,4,3,6,3,4,3,3,4,5,5,4,4,5,5,4,4,4,1,3,5,3,2,6,4,3,6,3,4,3,2,3,6,6,2,3,5,3,2,5,4,4,2,3,5,2,4,7,3,3,1,4,4,7,1,4,6,3,3,4,5,3,7,2,7,5,3,4,3,2,7,6,4,7,5,5,7,3,3,4,4,3,1,2,3,4,7,7,5,4,2,3,5,3,3,5,2,2,4,4,4,7,4,4,2,2,1,6,3,4,5,2,2,5,2,6,5,4,4,1,2,4,4,4,6,1,6,3,3,1,3,4,5,2,5,2,1,5,7,4,2,5,3,3,5,6,4,4,4,3,3,5,3,3,3,6,7,4,4,5,2,3,1,4,6,3,3,3,4,3,6,4,1,2,5,2,4,3,6,5,6,2,2,3,4,2,3,3,5,3,2,2,3,4,2,4,2,5,7,4,3,4,6,4,6,2,3,4,3,4,4,2,3,5,5,2,5,3,3,2,5,5,2,4,4,5,5,5,4,4,6,5,6,3,2,4,1,6,5,6,3,3,2,6,4,3,2,5,2,3,4,2,7,4,2,2,5,6,2,3,5,2,2,4,4,3,3,3,3,3,2,5,6,2,3,7,1,5,5,3,hispanics,,151471
11/7/19 1:10,11/7/19 1:25,0,169.235.64.166,100,899,1,11/7/19 1:25,R_2qkq1UQar2XW5ex,,,,,33.94729614,-117.4008026,,anonymous,EN,3,18,2,,4,,7,4,2,6,5,6,5,5,7,6,5,6,7,5,6,5,6,7,5,5,7,7,7,5,6,6,7,4,7,7,5,5,5,5,7,5,4,5,7,6,5,5,4,1,5,4,7,6,5,5,7,7,6,5,6,6,7,6,7,2,7,5,5,7,6,6,7,6,6,7,4,5,1,7,5,7,4,5,6,6,5,5,5,7,5,3,4,5,4,5,5,6,6,6,6,5,7,7,4,5,5,7,6,4,7,4,5,6,2,7,5,4,4,7,7,5,5,4,5,5,5,6,5,5,6,5,7,6,7,6,7,6,6,3,5,2,6,4,6,6,4,2,4,4,5,5,4,2,6,6,4,5,5,6,5,5,5,5,5,5,5,5,5,5,6,5,5,5,5,5,5,5,5,5,5,5,6,5,5,5,5,5,5,5,6,5,6,5,5,5,5,5,5,5,1,5,5,6,5,5,5,5,5,5,5,5,5,5,5,5,5,5,5,5,5,5,5,5,5,5,5,5,5,5,5,5,5,6,5,5,5,5,5,5,5,5,6,5,5,5,5,5,5,5,6,5,5,5,5,5,5,5,5,2,5,5,5,5,5,1,5,5,5,5,5,5,5,5,5,5,5,5,5,5,5,5,5,5,5,5,5,5,6,5,5,6,5,5,5,5,5,5,6,5,5,5,5,5,6,5,6,5,5,5,5,2,2,2,2,2,2,2,2,2,2,2,2,2,2,2,2,3,2,2,2,2,2,2,2,2,2,2,2,2,2,2,2,2,3,2,2,2,2,2,2,2,2,2,2,2,2,3,2,2,2,4,2,2,3,2,2,2,2,2,2,2,1,2,2,2,2,3,2,2,2,2,2,2,2,2,2,2,2,2,2,2,2,2,2,2,2,2,5,1,2,2,2,2,2,2,2,2,2,3,2,2,2,2,2,2,2,2,2,2,2,3,2,2,2,2,2,2,2,2,2,2,2,2,7,2,2,2,,2,2,2,2,2,2,2,2,2,2,2,2,2,2,2,2,2,2,2,2,2,2,2,2,2,2,2,3,3,2,2,1,2,2,2,2,2,2,2,2,2,2,2,2,2,2,2,2,2,4,2,2,2,2,2,3,2,2,2,2,2,2,2,1,2,2,2,2,2,2,2,2,1,2,2,2,1,2,2,2,2,2,2,1,2,2,2,2,2,2,2,2,4,2,1,2,2,2,2,2,2,2,2,2,2,2,2,2,2,2,5,2,2,2,2,2,2,3,2,3,2,2,2,1,3,2,2,2,2,2,2,2,2,2,2,2,2,2,2,2,2,2,1,2,1,2,7,2,2,2,1,2,2,2,1,2,2,2,2,2,2,2,2,2,2,2,2,2,2,2,1,2,2,1,Hispanic,,151414
11/7/19 4:41,11/7/19 6:01,0,169.235.64.164,100,4835,1,11/7/19 6:01,R_2903L8PxQoLwiWJ,,,,,33.94729614,-117.4008026,,anonymous,EN,3,18,2,,2,,6,6,1,1,2,2,1,2,2,2,2,2,4,4,1,2,1,1,3,3,2,3,1,2,1,3,1,2,3,1,1,1,1,1,2,1,1,1,2,3,3,4,1,1,3,1,1,2,2,1,1,1,1,2,1,1,1,1,1,2,1,1,2,1,1,1,3,1,1,1,2,2,2,2,3,1,1,2,6,2,1,1,2,1,1,1,4,,2,3,1,7,2,3,3,5,1,4,3,1,4,2,7,3,4,1,1,2,2,1,1,3,4,4,2,2,1,1,3,1,2,1,1,2,1,3,1,2,3,1,2,1,6,3,2,6,6,2,1,1,1,4,2,1,1,6,1,2,1,1,4,3,2,1,6,4,7,6,4,6,6,7,6,5,7,5,5,6,7,4,7,5,5,4,4,6,5,6,6,4,4,5,6,6,4,7,6,4,5,6,5,6,6,5,1,5,6,6,4,4,6,7,7,6,5,7,5,6,6,6,5,6,6,6,6,7,4,7,3,5,7,7,5,4,6,7,7,6,4,6,6,5,6,5,7,7,5,6,6,3,5,5,7,6,5,5,4,6,5,5,7,5,4,5,2,4,6,4,7,7,4,5,4,7,6,6,6,4,5,5,6,5,5,5,6,7,7,6,5,2,6,6,6,7,3,6,6,6,7,6,6,4,5,4,5,4,3,5,4,6,6,5,6,6,7,1,1,3,7,1,7,1,4,5,7,1,1,4,1,1,1,1,1,1,4,1,1,1,6,1,3,1,2,1,1,1,1,1,1,1,1,4,2,1,1,1,7,1,1,2,6,1,1,7,7,7,1,1,1,1,1,1,2,1,3,1,3,1,1,1,1,1,1,1,7,7,3,1,1,5,1,1,4,6,7,5,1,1,1,5,3,1,5,1,7,1,5,5,5,1,4,1,1,3,1,3,1,1,1,4,1,7,1,7,1,7,4,1,1,3,1,1,1,1,2,1,1,1,7,1,3,2,1,5,2,3,1,1,2,1,1,1,1,1,1,1,1,2,4,1,4,1,1,1,1,2,4,5,4,6,3,6,6,7,7,4,5,3,6,5,3,6,6,6,5,5,4,6,5,5,4,5,6,6,5,5,6,6,5,4,6,6,2,5,6,5,4,6,6,3,2,6,5,6,6,7,6,7,4,4,4,6,4,7,5,7,3,5,5,6,4,4,6,5,6,6,6,2,5,5,4,6,6,4,6,5,7,5,5,3,4,5,6,5,5,4,4,6,6,4,5,4,4,7,7,5,5,6,5,5,4,5,5,5,6,5,6,6,4,4,4,5,4,5,5,5,5,4,4,7,4,4,6,6,5,5,6,6,6,4,4,4,5,5,3,6,4,4,4,6,4,7,4,4,5,4,6,hispanic/latino,,151609
11/7/19 15:00,11/7/19 15:39,0,169.235.64.174,100,2383,1,11/7/19 15:40,R_9RYUhbDyF4gVUTT,,,,,33.94729614,-117.4008026,,anonymous,EN,3,18,2,,3,,4,7,1,1,3,5,7,2,3,1,3,5,1,2,1,3,2,1,5,3,2,1,4,1,2,5,3,1,1,5,5,1,1,1,1,6,2,6,1,1,1,1,5,1,4,3,5,4,4,1,3,1,5,2,3,1,1,1,1,6,5,1,1,2,2,1,1,3,6,3,6,2,3,4,1,4,1,6,6,5,1,3,1,5,1,1,5,1,5,3,1,1,1,5,4,2,2,6,6,7,3,4,1,1,4,1,1,1,6,2,3,5,7,2,1,1,3,2,7,5,2,2,1,1,2,1,5,1,3,2,3,5,1,3,1,1,3,3,7,1,7,7,5,7,3,1,4,1,2,4,1,2,2,4,4,6,5,6,6,4,3,6,4,2,5,4,6,5,2,3,6,2,7,4,5,7,5,5,5,4,3,2,7,7,2,6,7,4,1,7,3,4,7,3,1,5,3,5,3,1,7,7,7,6,5,5,7,7,7,7,5,4,5,7,5,6,4,7,3,1,5,1,5,3,3,7,5,4,3,6,3,5,4,5,5,7,3,2,7,2,4,7,7,6,3,3,5,4,5,3,7,3,3,4,4,4,7,5,4,1,5,3,3,1,5,7,5,3,3,2,5,3,5,5,5,5,7,1,5,4,5,4,5,7,3,7,4,5,1,3,6,2,1,4,2,5,7,5,7,5,3,1,5,5,5,6,7,7,4,7,6,7,7,5,6,7,7,7,7,6,3,3,7,7,7,7,7,4,7,7,7,5,7,7,7,7,7,7,7,6,2,4,2,6,7,7,3,3,4,2,3,7,,7,7,3,6,7,7,5,7,7,7,5,7,7,7,7,5,7,7,7,7,5,1,3,7,7,7,7,5,3,6,6,7,5,7,5,7,3,7,7,5,3,7,7,6,7,3,7,5,1,7,1,7,6,7,5,7,6,7,4,7,2,7,2,5,7,7,6,7,7,7,7,5,7,7,7,7,7,7,7,7,7,7,7,6,7,5,2,6,7,6,2,7,7,4,5,7,7,7,5,7,3,5,5,1,1,1,3,1,1,1,1,1,5,1,1,1,2,1,2,5,2,1,2,1,1,5,3,1,1,5,1,1,1,1,1,1,1,5,1,1,2,1,1,1,5,3,1,2,6,1,1,1,1,5,2,1,1,1,1,2,1,3,1,5,1,1,1,1,1,2,1,1,6,1,1,1,1,1,3,3,1,2,1,5,1,1,1,3,1,1,5,3,1,1,1,3,1,1,1,5,1,5,1,1,2,4,2,2,1,1,1,6,1,5,1,1,1,2,1,1,1,1,3,1,2,1,7,1,1,1,1,1,1,1,5,1,1,5,1,1,1,5,1,1,2,1,1,2,1,2,1,3,5,5,Hispanic/ Latino people,,152083
11/7/19 15:27,11/7/19 16:32,0,71.95.191.9,100,3937,1,11/7/19 16:32,R_3oQONPs8fXulyKV,,,,,33.97639465,-117.3340988,,anonymous,EN,3,22,1,,"3,4",,7,8,1,2,4,1,4,6,4,5,1,1,1,1,1,5,4,1,3,4,1,4,4,1,2,5,5,5,2,1,1,1,3,1,1,3,6,1,4,4,5,7,4,1,4,5,1,2,5,1,7,6,6,1,5,1,3,7,2,1,1,3,5,3,5,1,7,5,1,1,4,1,1,1,7,6,1,1,6,3,1,5,1,1,4,4,1,3,1,4,6,7,6,1,1,3,3,1,1,4,6,1,6,1,1,1,5,2,1,1,5,1,1,1,4,2,1,2,3,6,5,3,4,4,1,7,1,2,1,5,1,1,5,3,5,6,5,6,1,1,1,2,7,5,5,5,6,3,2,1,1,1,1,1,5,5,3,4,5,5,4,5,4,3,4,3,3,5,5,5,3,5,5,4,5,4,6,3,4,3,4,4,4,3,5,5,5,4,4,5,5,5,5,5,1,3,3,4,3,3,5,4,3,5,4,5,4,6,4,5,5,4,4,5,5,5,5,3,5,3,5,3,3,5,5,3,4,2,3,6,5,4,5,4,4,5,5,4,3,4,3,5,5,5,6,5,5,3,4,4,3,4,3,5,3,5,2,3,5,4,5,5,4,6,5,6,4,3,3,7,3,6,5,4,5,4,5,4,4,4,5,4,3,5,3,5,4,4,2,5,5,2,2,5,5,4,5,5,5,5,4,2,5,3,4,3,5,5,1,4,6,4,1,1,7,1,1,7,4,1,3,6,1,3,1,6,1,1,1,1,1,4,5,1,2,4,1,4,1,2,4,1,1,4,5,1,5,1,4,2,6,1,1,1,4,7,5,5,4,1,3,1,4,4,1,5,1,4,5,1,1,4,1,1,7,7,1,1,1,4,5,5,1,5,1,2,4,1,1,5,6,1,5,1,4,6,5,5,1,1,1,7,5,1,1,5,1,4,1,5,1,1,2,6,7,7,1,5,3,3,6,1,5,2,1,5,1,1,7,6,5,3,3,1,1,1,1,3,4,4,5,1,5,3,6,2,6,5,1,1,5,5,1,3,4,1,4,5,1,5,5,5,5,5,6,5,5,4,3,5,5,5,6,5,3,4,5,1,3,5,3,3,5,3,2,3,5,3,2,5,5,5,5,5,5,5,4,6,5,5,2,5,1,5,4,2,5,6,5,5,5,4,4,4,6,5,6,4,2,5,4,3,3,3,6,5,7,4,2,2,3,4,4,2,5,7,6,6,6,4,6,5,2,5,6,5,3,3,5,5,4,4,5,3,6,3,5,5,6,5,4,4,6,4,6,4,4,5,4,2,2,4,6,4,4,4,5,3,3,7,6,5,5,5,6,5,5,3,3,4,6,4,5,5,6,5,5,4,5,4,4,6,4,4,5,3,6,Hispanic/Latino,,150817
11/8/19 15:33,11/8/19 15:59,0,169.235.64.173,100,1561,1,11/8/19 15:59,R_22KYxVE4FpuRQL3,,,,,33.94729614,-117.4008026,,anonymous,EN,3,21,1,,2,,3,8,1,7,6,5,6,6,7,5,7,7,6,6,6,7,6,6,6,7,6,7,7,6,7,6,6,6,6,5,6,5,7,5,5,5,6,5,6,7,7,6,5,7,,5,6,5,5,6,6,6,5,6,5,5,6,6,7,6,5,5,5,5,6,6,7,6,7,6,6,6,5,5,5,5,7,6,6,6,5,6,6,7,6,6,6,6,6,7,5,6,7,5,5,6,5,6,6,5,6,5,6,6,5,6,5,5,5,5,6,6,5,5,7,6,7,6,6,5,6,7,5,7,6,6,5,6,5,6,6,6,5,3,6,6,6,6,6,5,6,6,6,6,7,7,6,7,5,6,6,6,5,5,5,7,5,7,3,5,7,1,3,6,6,6,3,7,5,6,6,7,4,6,3,6,6,6,7,6,5,6,4,2,7,7,6,6,5,6,6,5,6,6,1,2,7,6,5,7,7,7,7,5,4,6,4,6,5,6,7,5,6,2,7,6,6,6,5,1,7,6,5,3,7,6,2,7,2,6,6,7,6,5,6,7,1,6,7,5,6,6,6,6,6,6,5,6,5,6,6,5,6,6,5,6,7,2,6,3,2,6,6,6,7,5,6,5,2,6,5,7,5,6,5,7,6,3,6,6,5,6,6,5,3,5,6,6,6,3,5,6,6,7,6,1,7,7,5,4,6,6,5,6,7,7,7,7,7,7,7,7,5,7,7,6,7,7,7,6,6,6,7,6,7,7,6,6,7,6,6,7,6,7,7,7,7,7,7,6,6,5,7,6,7,6,6,7,7,6,7,7,7,7,6,7,7,7,5,5,4,6,7,5,7,7,6,6,7,4,5,6,5,7,6,7,6,5,6,7,6,6,7,7,6,7,7,7,7,6,7,6,5,7,6,6,7,7,6,4,7,6,7,5,6,6,6,7,6,7,4,6,5,7,7,6,4,7,5,7,7,6,7,6,5,7,7,6,7,6,7,6,6,7,6,7,7,6,7,4,7,6,6,7,7,7,7,7,6,7,7,7,7,7,7,7,7,7,7,7,4,7,7,7,7,7,7,7,7,7,6,7,7,7,7,7,6,6,7,7,7,7,4,6,6,6,7,7,7,7,7,7,7,7,7,7,5,7,3,7,2,7,7,5,7,6,7,7,7,6,6,5,7,4,6,7,6,6,7,7,6,7,7,7,7,5,7,6,6,6,6,7,7,7,7,6,7,5,5,7,7,7,7,5,7,7,6,7,7,6,7,7,6,7,7,3,7,6,7,6,6,7,7,7,5,7,6,6,7,7,4,7,1,6,6,2,2,2,7,7,4,7,7,7,7,7,3,7,7,7,7,7,6,7,6,3,7,7,7,6,7,7,7,2,7,3,7,latino,No,152089
11/11/19 18:59,11/11/19 19:45,0,174.81.50.244,100,2721,1,11/11/19 19:45,R_3hgcXhzSwOHn8NX,,,,,33.938797,-117.4160004,,anonymous,EN,3,20,2,,4,,2,7,1,,,3,2,5,4,4,3,3,5,4,5,5,5,,,5,,3,,,3,,6,5,,,3,,4,,3,5,6,3,3,3,4,5,,1,6,4,,,,3,4,,5,3,5,4,5,4,5,3,,2,5,5,6,5,4,5,2,3,5,4,3,,5,4,2,2,6,4,3,4,5,3,4,5,2,4,3,6,5,5,5,4,3,5,5,,,4,5,,6,2,,2,,5,2,4,5,,2,3,4,,2,3,3,2,3,5,4,5,1,6,3,3,3,5,2,,6,3,4,5,5,5,,5,3,3,4,5,5,5,,5,5,3,2,3,5,5,3,,5,5,4,6,5,6,5,5,3,,5,5,3,3,6,,7,5,3,5,5,6,6,5,4,3,6,5,6,6,,6,5,4,5,6,5,5,1,7,6,5,5,4,6,4,4,6,5,4,4,5,3,6,4,4,5,6,5,7,7,3,,5,,5,5,5,,3,5,6,3,6,5,6,6,2,4,5,6,6,6,6,6,5,6,6,7,5,4,6,4,3,5,6,2,6,6,,6,5,5,5,5,5,3,6,5,6,4,3,5,5,5,3,3,5,6,6,6,5,4,,5,6,5,7,3,3,6,6,5,3,5,4,5,,4,,4,,5,7,5,5,6,6,4,5,,5,4,,4,5,2,3,5,3,3,5,6,3,5,6,7,2,5,3,1,,5,5,5,5,6,,6,4,5,4,,,5,,3,4,4,,7,3,,2,5,3,6,,,6,6,6,,,5,4,7,5,,6,,,7,4,,4,2,2,6,6,,5,5,,7,6,,5,5,2,,4,3,7,4,7,5,5,,5,5,5,5,,4,7,5,3,,3,3,4,4,,1,,,6,,,4,,4,4,6,3,6,3,5,3,5,5,7,7,5,6,3,6,3,2,3,3,,2,,3,,3,6,,5,3,,,,6,5,,3,5,6,3,5,3,,3,5,3,3,5,5,3,6,6,3,5,6,6,3,5,3,2,4,5,4,4,5,6,3,5,5,2,6,3,4,5,,3,5,3,3,6,4,4,2,,3,5,3,5,5,6,6,3,3,5,3,6,4,3,5,3,,5,3,3,5,3,4,6,6,3,5,5,4,6,6,3,5,5,3,3,5,5,7,5,6,5,5,3,5,5,6,5,4,5,6,5,3,,5,6,4,6,,3,5,3,5,3,3,2,3,5,3,6,4,5,5,5,3,6,4,7,7,4,7,5,6,3,3,3,4,3,3,3,2,3,3,5,,6,3,5,3,3,6,5,,6,6,Mexicans ,,151531
11/11/19 23:19,11/12/19 0:02,0,169.235.64.152,100,2575,1,11/12/19 0:02,R_2Ua4bEdHeJmeBTd,,,,,33.94729614,-117.4008026,,anonymous,EN,3,18,2,,2,,4,6,1,1,1,1,1,1,3,2,1,1,1,3,1,4,4,1,1,3,1,3,1,1,1,2,1,1,1,1,1,5,2,1,4,1,5,1,3,1,4,1,1,1,1,2,1,1,1,4,4,3,3,1,1,3,1,4,5,1,1,1,7,1,4,2,4,4,1,1,1,1,1,1,6,4,1,1,6,1,2,1,1,1,4,3,1,1,1,1,1,1,5,1,1,4,1,1,1,3,5,1,1,3,1,1,7,1,1,1,3,1,1,1,1,7,1,1,1,6,1,2,2,7,1,4,1,1,1,1,1,1,3,3,1,1,1,4,1,2,1,1,1,3,4,4,4,3,1,1,1,1,1,1,1,3,1,1,1,4,4,1,1,1,2,1,3,3,1,1,5,1,2,1,1,2,1,4,7,1,1,2,3,2,1,1,1,1,1,5,2,1,7,3,1,1,4,1,1,1,7,7,7,4,1,1,1,3,1,5,1,3,1,4,3,1,3,4,1,7,1,1,4,1,5,4,5,2,1,6,4,1,1,1,5,7,3,6,6,1,1,6,1,3,1,5,1,2,1,1,1,2,1,1,3,1,1,1,1,2,1,2,1,5,5,5,5,1,1,3,2,4,4,6,4,6,4,4,1,1,4,1,1,5,3,7,1,1,1,1,6,1,1,1,4,1,3,1,1,2,5,1,3,4,4,1,1,1,1,1,2,1,2,1,1,1,1,1,1,1,1,1,2,1,1,1,1,1,1,3,3,2,1,2,1,2,1,1,1,1,1,1,1,1,1,1,1,1,2,2,1,1,3,1,3,3,1,7,1,1,1,3,1,1,1,1,1,1,2,1,1,2,1,1,1,1,1,1,2,1,5,4,4,2,1,2,1,1,1,3,1,1,5,1,1,1,2,3,2,1,1,2,1,1,1,2,1,3,1,1,1,1,2,7,1,4,1,1,1,2,3,1,3,1,1,1,1,1,7,5,1,1,1,1,1,1,1,1,3,1,7,1,1,1,5,1,3,3,1,1,1,1,1,1,1,1,1,4,1,2,1,4,7,7,3,1,1,2,7,3,1,4,7,1,5,3,1,1,1,1,2,3,2,1,1,7,5,2,1,2,1,5,1,6,1,2,2,5,4,1,2,6,3,2,1,2,5,7,1,1,1,6,1,7,1,4,1,1,1,5,2,1,4,1,7,7,7,1,1,7,1,3,3,2,5,6,3,1,1,1,6,3,3,5,6,7,1,2,2,1,1,1,4,7,6,1,7,7,1,7,1,1,4,3,2,1,3,1,2,6,5,6,1,1,2,6,2,1,1,7,1,2,4,4,2,1,2,1,1,1,1,1,4,1,1,1,2,1,1,6,1,2,1,1,6,2,1,Hispanic/Latinx,,152737
11/12/19 18:14,11/12/19 18:53,0,169.235.64.179,100,2368,1,11/12/19 18:54,R_D11B0QfNVsIRxTP,,,,,33.94729614,-117.4008026,,anonymous,EN,3,,2,,"3,4",,3,6,1,1,1,1,1,1,2,1,1,2,1,1,1,1,2,1,1,2,1,2,1,1,2,1,1,1,1,1,1,1,1,1,2,1,2,1,2,1,1,3,1,1,3,2,1,1,2,2,3,2,2,1,3,1,2,2,1,1,1,1,2,1,3,1,3,1,1,1,1,1,1,1,3,2,1,1,6,1,1,1,1,2,1,1,1,2,1,1,2,3,2,1,2,1,1,1,1,1,2,1,2,1,1,1,1,1,1,1,1,1,1,1,2,2,1,1,1,1,1,1,2,1,1,3,1,1,1,2,1,1,3,3,1,1,1,2,1,1,1,1,1,2,1,1,1,2,2,1,1,1,2,1,1,2,6,5,5,5,5,5,5,4,1,5,4,6,4,4,7,1,7,5,2,5,2,4,5,5,2,2,6,6,4,7,2,2,3,5,5,5,7,7,1,5,7,1,1,2,7,7,7,5,5,5,4,7,4,5,4,5,5,7,7,2,5,5,2,6,3,3,5,3,3,2,7,3,1,6,6,5,3,2,5,7,3,6,7,2,3,7,7,6,6,5,1,2,2,3,7,5,3,5,2,1,6,6,3,7,5,7,1,6,5,7,4,2,2,5,6,7,4,4,2,7,6,5,4,5,6,2,2,6,3,7,4,7,3,1,7,1,4,1,5,2,1,1,6,3,6,4,2,3,4,4,1,1,1,1,2,2,1,1,3,1,1,2,1,1,3,1,1,1,1,1,1,1,1,1,1,2,2,1,1,1,1,1,1,1,2,1,1,2,1,1,2,2,1,2,1,1,1,2,2,2,1,1,1,1,2,1,1,1,1,1,2,1,2,1,1,1,1,1,3,4,1,1,1,1,1,2,3,1,1,2,1,1,1,2,4,1,5,1,2,1,3,4,3,1,1,4,2,3,1,1,1,1,1,2,1,1,1,2,1,1,1,3,1,3,1,1,1,1,1,1,2,1,7,2,1,1,1,3,1,1,1,1,1,3,2,1,1,1,3,1,1,1,1,1,1,1,1,1,3,1,3,4,3,2,2,2,6,5,5,5,3,3,5,6,1,5,5,3,5,2,1,1,2,3,3,2,7,5,1,2,3,1,3,3,1,5,2,4,2,5,1,6,3,1,2,3,3,3,5,3,4,6,1,1,2,5,4,4,5,5,1,1,2,5,3,1,4,1,4,6,4,1,2,7,1,5,1,1,6,7,3,3,3,1,6,4,5,5,6,6,2,5,5,1,1,1,5,4,7,1,5,4,2,5,1,4,4,1,4,3,1,2,1,1,5,2,1,3,6,1,2,1,2,7,1,3,4,4,3,1,2,2,5,3,1,2,3,5,1,3,4,3,3,3,1,5,1,2,1,2,6,hispanic/latino,,150976
11/5/19 18:54,11/12/19 21:50,0,169.235.64.150,100,615363,1,11/12/19 21:50,R_Z8h7yFKOuO3bhFn,,,,,33.94729614,-117.4008026,,anonymous,EN,3,18,1,,2,,4,7,1,,3,3,2,6,3,4,3,5,4,3,4,5,4,3,5,5,4,3,4,3,3,4,5,3,5,4,3,6,5,4,5,3,4,2,5,3,3,6,4,1,6,6,4,4,5,5,6,5,4,3,5,4,4,5,4,2,3,3,4,3,5,2,6,3,3,4,3,2,4,4,6,6,2,2,6,2,4,3,4,3,4,4,4,4,4,3,6,6,4,3,4,5,4,2,2,5,4,5,6,5,4,3,5,5,2,3,4,4,2,5,3,5,2,3,3,5,4,3,4,5,2,5,2,3,4,5,2,2,6,3,4,6,6,6,3,4,4,4,4,4,4,6,6,3,2,3,2,3,2,3,5,4,4,4,5,4,4,5,5,5,4,5,5,4,4,4,5,4,4,4,3,4,5,5,5,3,5,4,5,4,4,4,5,3,3,5,4,4,5,4,1,5,4,4,4,5,5,5,5,4,3,3,4,4,5,5,4,3,3,4,4,5,4,5,4,4,4,3,4,5,5,5,5,4,3,6,4,4,4,4,4,5,4,4,4,4,4,5,4,4,4,4,4,4,5,4,5,4,4,5,4,4,4,4,4,3,5,4,4,3,4,4,4,3,3,4,4,3,4,4,4,4,5,3,4,5,5,3,4,5,3,4,4,5,4,4,4,4,4,4,4,4,5,4,4,3,4,3,4,3,5,4,5,5,4,4,4,4,4,4,3,4,3,4,3,4,4,3,5,4,3,4,2,3,4,4,4,4,4,5,4,4,4,3,3,4,4,4,4,5,3,4,4,4,4,2,4,3,5,4,4,4,4,3,4,5,4,3,3,4,4,4,4,4,5,3,3,4,2,3,5,5,4,3,3,4,4,5,5,3,3,3,4,4,4,4,5,4,5,3,5,3,3,3,2,4,3,3,4,4,4,4,4,4,4,3,3,3,4,6,4,3,3,3,3,3,4,3,5,4,3,4,4,4,7,5,4,3,3,4,4,4,4,3,5,3,4,4,5,4,4,4,5,5,4,3,4,3,5,4,4,4,4,4,5,3,5,5,3,3,5,5,4,4,3,5,3,5,5,5,4,3,3,3,5,3,5,4,5,5,5,5,5,4,5,4,5,5,4,4,5,5,4,5,3,5,2,5,3,5,,5,5,5,5,4,4,5,4,5,4,4,5,4,4,5,5,3,4,3,3,5,5,4,4,4,4,5,5,4,5,5,4,,4,5,5,5,5,5,3,5,4,5,5,4,4,5,5,5,5,4,4,5,5,4,5,3,4,5,7,4,5,3,3,5,4,5,3,3,5,4,3,3,5,7,5,4,4,4,5,4,4,4,4,5,4,4,4,5,6,5,4,5,5,5,5,5,2,3,5,4,5,Latin American/ hispanics,,152533
11/12/19 17:57,11/12/19 23:19,0,169.235.64.151,100,19302,1,11/12/19 23:19,R_1CKso8afuVFg9Ks,,,,,33.94729614,-117.4008026,,anonymous,EN,3,19,2,,4,,6,5,1,4,4,4,4,4,6,5,7,3,4,4,7,4,7,4,5,7,4,4,5,4,4,4,7,4,7,4,4,7,4,4,4,6,3,5,7,6,6,5,4,1,7,5,4,4,4,7,7,7,7,4,7,5,5,7,4,4,7,3,6,4,6,7,4,3,4,4,5,4,4,4,7,7,4,1,6,4,3,7,4,4,4,4,4,7,4,4,7,5,7,4,5,3,5,3,4,7,4,6,7,4,1,6,7,4,1,4,7,1,4,4,5,7,1,4,4,4,7,7,4,6,5,7,4,4,4,6,4,4,7,3,5,3,7,4,2,4,4,4,4,1,4,3,5,4,4,3,4,2,4,5,6,1,7,7,7,6,5,4,1,1,7,7,4,7,2,1,7,2,5,1,2,2,1,4,6,7,3,4,2,3,5,4,4,4,5,5,5,3,4,7,1,7,7,2,1,1,7,7,7,7,6,7,7,7,3,3,2,7,7,7,7,3,7,5,1,7,1,1,7,5,5,3,7,7,2,6,7,5,4,3,4,7,7,7,7,5,5,7,4,7,7,7,2,2,2,4,7,3,3,7,1,1,7,3,1,7,5,5,3,7,7,7,7,1,4,4,7,7,7,7,7,7,7,7,4,1,5,1,1,7,3,7,2,7,2,1,7,1,1,3,7,1,1,4,7,7,4,1,4,7,3,3,2,1,2,1,3,1,1,1,5,1,1,5,2,1,2,5,1,1,1,2,1,1,2,1,1,7,4,1,1,1,1,1,1,3,1,3,1,2,3,1,7,2,1,2,3,1,1,3,1,4,2,,1,3,2,1,1,1,4,1,1,2,1,1,1,2,1,1,7,6,1,1,2,1,2,1,1,3,1,1,1,1,1,7,2,5,5,5,4,1,4,1,1,3,1,2,2,5,1,2,5,1,1,4,1,7,1,7,1,1,4,3,2,3,2,1,1,2,1,1,1,3,7,1,1,1,1,5,1,1,1,1,1,7,1,1,2,1,1,1,1,1,4,4,1,1,1,1,3,5,1,1,1,7,4,1,7,1,7,4,1,4,7,2,1,7,7,1,4,2,2,1,1,4,2,1,7,5,1,3,1,1,4,7,7,1,4,7,7,4,1,7,4,1,2,1,1,4,1,4,1,4,1,2,4,1,4,1,3,1,1,1,1,1,1,7,7,4,7,7,1,1,1,1,1,4,4,4,4,1,1,1,1,1,1,7,4,5,1,7,1,7,4,1,1,1,3,1,7,1,4,1,1,7,1,7,5,4,1,2,1,7,1,1,4,1,1,1,1,7,1,1,4,7,1,4,1,1,4,1,1,1,1,1,4,1,4,7,1,4,4,2,4,1,1,4,4,7,1,1,7,Hispanic,,151774
11/12/19 22:57,11/12/19 23:24,0,169.235.64.175,100,1594,1,11/12/19 23:24,R_3fepxZbOU664nUO,,,,,33.94729614,-117.4008026,,anonymous,EN,3,18,2,,4,,4,5,1,2,2,2,4,4,2,3,3,3,2,2,2,3,2,2,3,4,3,3,2,2,2,2,5,5,3,3,3,2,5,3,3,5,2,2,3,2,5,2,3,1,3,2,4,2,3,3,5,7,3,3,5,3,3,6,4,2,2,2,5,4,2,5,6,3,2,3,3,3,2,3,4,2,3,1,6,2,2,2,2,2,4,2,2,3,3,2,3,3,3,3,4,3,4,3,2,4,3,3,3,3,3,2,5,2,1,2,3,3,2,5,2,3,1,3,3,2,3,4,3,5,3,4,2,3,3,4,2,4,2,3,3,3,2,5,3,4,2,3,2,3,2,3,2,2,3,3,3,3,3,2,4,3,4,5,4,4,4,4,4,3,5,5,4,5,5,4,4,3,4,4,3,4,5,5,4,4,3,3,3,4,4,4,5,3,2,5,5,5,4,3,1,3,5,5,4,4,4,5,6,5,4,3,4,4,5,5,5,2,5,4,4,2,5,5,4,4,5,4,5,3,4,4,3,4,4,6,5,5,4,4,5,4,3,5,4,4,4,4,4,5,5,3,5,4,2,4,4,4,4,4,3,4,3,5,5,4,5,5,4,4,3,4,4,3,4,4,5,4,6,3,3,4,4,5,5,4,3,3,4,7,4,6,5,4,4,4,5,5,4,4,4,4,6,4,5,5,4,5,3,4,3,2,3,1,2,3,2,1,3,3,2,3,2,3,3,2,2,4,3,3,3,2,2,2,2,2,2,4,2,2,2,2,3,3,2,2,2,2,2,2,2,3,3,3,2,2,2,1,3,3,4,2,2,2,3,2,3,2,3,2,4,2,2,2,2,2,1,1,4,1,4,3,2,4,3,2,3,3,3,2,2,3,2,4,2,5,2,2,5,2,3,2,4,3,3,3,2,4,2,4,3,5,4,2,2,3,2,3,2,4,3,2,2,3,3,2,4,2,2,2,1,2,3,2,7,5,2,2,2,2,4,2,2,2,3,2,3,2,2,2,2,2,2,4,3,3,3,2,1,2,1,4,3,5,2,5,3,4,4,6,5,5,4,3,5,4,4,5,7,4,3,4,3,4,3,3,5,4,7,4,3,3,6,3,3,3,3,4,3,6,4,3,3,5,4,4,2,3,2,4,4,5,2,5,3,4,3,3,3,4,3,7,4,4,4,5,3,3,7,3,4,7,6,3,3,5,3,7,5,3,7,7,7,4,4,2,6,5,4,5,3,5,4,5,4,3,3,4,5,5,7,4,5,4,3,3,4,4,3,4,7,4,3,2,3,4,3,5,4,3,5,4,4,3,4,7,5,4,5,6,6,3,4,4,4,4,3,4,4,3,3,5,3,3,3,4,3,4,5,3,3,4,6,Hispanic,none,152632
11/12/19 22:58,11/12/19 23:28,0,169.235.64.151,100,1802,1,11/12/19 23:28,R_eh5fsqAmKUSEBtD,,,,,33.94729614,-117.4008026,,anonymous,EN,3,18,2,,4,,6,5,1,4,5,1,6,3,2,5,3,2,4,1,5,6,5,5,4,5,5,5,5,5,5,5,5,1,4,5,1,5,1,5,5,5,4,5,5,4,5,6,2,1,5,5,3,5,5,3,6,5,4,2,1,5,3,4,5,5,5,1,4,5,5,3,5,5,4,5,3,4,5,4,4,4,1,1,6,5,3,4,4,4,5,5,4,5,5,5,6,6,5,4,5,5,3,4,5,5,4,5,6,5,3,1,5,5,1,5,5,5,1,1,2,4,5,1,6,2,5,4,2,5,5,4,5,1,5,5,2,5,6,3,4,6,5,6,5,4,1,5,4,5,6,6,5,5,5,5,5,4,5,3,5,5,5,5,5,5,5,5,5,6,5,4,5,6,5,5,5,6,6,5,5,5,4,5,5,5,5,5,5,4,5,5,5,5,5,5,4,6,5,4,1,5,5,5,5,6,5,5,5,5,6,5,5,5,5,4,5,5,5,4,4,4,6,5,5,4,5,5,5,3,5,5,5,5,6,6,4,6,5,5,6,5,6,5,5,4,5,6,4,5,4,6,5,5,6,6,5,6,5,6,6,5,5,6,6,4,5,4,5,3,6,4,3,5,4,6,6,4,4,3,6,6,5,5,5,5,5,6,4,6,3,5,4,6,5,5,6,2,6,5,3,5,5,5,4,4,5,5,4,5,4,7,5,7,6,7,7,7,1,6,6,5,6,6,6,6,7,6,7,7,7,7,5,6,7,7,7,7,7,7,7,6,7,7,6,6,7,6,6,7,6,6,6,5,7,2,6,7,7,7,5,5,7,7,7,7,7,6,6,7,7,6,4,6,7,5,7,6,7,7,7,7,6,6,6,5,6,6,6,6,7,5,6,6,6,7,7,6,5,4,7,7,6,7,7,5,6,7,7,6,6,6,5,5,7,3,4,6,6,6,7,6,7,5,7,6,7,7,7,6,5,7,5,5,7,7,6,7,6,5,6,6,6,6,6,5,6,6,7,6,7,6,6,7,6,7,7,6,7,6,6,6,4,3,4,5,5,5,4,5,5,4,4,3,3,3,2,3,3,3,1,4,3,4,2,2,4,2,4,4,3,3,4,4,3,3,3,3,2,6,3,6,3,6,3,2,2,3,1,2,2,4,5,6,3,2,4,3,3,4,2,4,3,5,3,4,3,2,4,3,6,4,3,2,3,3,2,3,2,3,6,3,4,5,5,3,4,5,4,5,4,4,6,4,4,5,3,2,3,4,3,4,6,6,3,5,4,3,4,3,4,4,2,4,4,3,3,3,2,5,4,4,3,4,3,7,2,2,4,5,5,2,5,4,3,3,3,3,3,4,2,3,4,5,2,2,3,4,6,3,4,4,5,Hispanic/Latinos,No ,152635
11/13/19 1:02,11/13/19 1:48,0,169.235.64.154,100,2730,1,11/13/19 1:48,R_3MlpaZ2al2LiD2l,,,,,33.94729614,-117.4008026,,anonymous,EN,3,18,2,,"3,4",,5,4,1,3,6,5,4,6,5,6,4,7,5,5,3,3,6,3,2,5,2,5,5,2,4,5,5,6,4,3,2,7,7,4,6,5,2,3,5,6,3,4,5,1,6,5,5,3,6,6,7,7,6,6,6,5,5,7,5,2,3,2,5,5,7,4,7,4,2,2,5,3,4,4,5,6,2,1,6,5,2,4,6,4,5,4,2,5,3,5,5,5,7,4,4,6,5,4,2,5,5,3,4,3,4,4,5,6,2,5,5,2,3,4,5,7,3,3,3,4,2,6,6,6,2,7,1,3,3,4,2,3,5,3,4,7,6,5,2,6,2,4,6,6,2,5,5,5,4,3,2,2,5,6,4,4,4,4,7,5,7,7,6,3,4,4,6,5,5,3,5,5,5,5,5,5,4,4,6,3,5,5,4,6,4,4,5,3,3,5,3,5,5,5,1,6,3,3,5,5,5,6,7,4,5,4,5,5,6,5,2,4,4,5,6,5,2,6,5,2,3,5,4,5,5,5,4,6,5,6,4,5,3,5,5,5,4,5,4,4,2,5,5,6,4,7,5,3,3,4,5,6,3,3,4,5,4,5,6,3,5,5,4,4,5,4,5,5,6,6,5,6,5,4,5,4,7,5,5,5,5,4,3,5,3,5,5,4,4,1,5,3,2,3,2,3,5,6,6,5,5,5,5,4,6,3,4,5,2,3,5,5,2,4,5,4,1,4,1,1,5,1,6,5,2,3,6,3,2,4,4,5,5,4,7,5,3,5,2,5,6,3,3,5,3,1,7,2,1,2,7,4,2,3,7,6,6,6,4,5,4,1,2,2,3,7,7,2,6,1,2,4,2,3,5,7,4,5,3,2,7,4,4,4,5,1,5,2,4,7,7,1,5,4,4,2,5,5,3,1,6,4,5,3,3,3,3,5,3,5,1,3,1,7,6,6,2,5,6,6,6,2,5,2,1,3,2,3,7,7,3,4,1,6,2,1,2,4,4,1,5,1,2,5,6,2,5,6,4,3,4,2,3,1,4,2,4,5,2,7,4,5,5,5,7,4,4,3,4,7,2,5,6,5,4,5,3,4,3,5,3,2,5,5,3,4,3,7,4,4,6,5,2,5,5,6,2,7,4,3,2,7,3,4,2,3,4,4,5,3,3,3,3,4,5,7,3,3,3,5,3,4,3,2,5,5,3,4,2,3,3,7,3,4,7,5,7,4,5,3,7,6,6,5,7,6,3,4,4,4,3,4,2,4,7,3,5,7,4,6,4,5,5,4,5,5,5,6,4,2,4,4,5,3,5,5,6,6,4,7,4,5,4,5,7,5,4,5,4,6,3,3,4,4,4,3,5,7,4,4,6,5,7,4,5,4,7,Hispanic/latinos,,150583
11/13/19 21:21,11/13/19 22:22,0,76.171.28.247,100,3671,1,11/13/19 22:22,R_3HMriEpSxkSkkBP,,,,,33.87780762,-118.2136993,,anonymous,EN,3,18,2,,4,,7,6,1,5,2,1,5,3,3,5,6,4,5,4,6,6,1,4,1,1,2,2,6,6,5,1,3,6,2,4,3,7,6,6,6,1,4,1,1,7,4,1,1,1,6,1,5,6,5,7,3,1,5,1,4,1,7,1,1,5,3,4,6,2,7,5,4,1,1,6,7,5,4,2,6,6,2,1,6,5,2,7,6,5,2,7,5,1,7,1,6,4,6,1,6,6,6,2,6,5,3,4,7,7,4,6,3,1,1,1,5,4,6,6,6,6,1,5,7,6,6,5,4,6,1,7,1,2,5,5,1,4,6,3,1,6,5,5,1,5,3,3,4,1,6,6,3,3,6,4,6,6,1,1,5,4,4,6,5,5,5,6,7,1,6,5,7,6,5,4,5,2,4,6,6,6,4,4,5,4,5,6,7,6,5,6,4,5,2,7,4,2,4,5,1,7,4,5,7,7,7,7,4,6,6,6,6,7,6,7,7,4,4,7,6,7,6,6,3,4,2,1,5,7,4,5,7,4,5,6,7,6,6,6,5,6,2,6,5,6,7,6,4,6,6,6,6,6,3,1,7,6,3,7,5,5,4,7,6,3,5,7,6,4,6,7,7,2,7,7,4,6,7,5,6,5,7,6,5,6,4,4,5,7,3,6,7,5,3,3,5,3,3,4,1,2,6,6,4,7,4,5,6,5,4,1,7,6,5,4,5,1,2,7,7,6,3,4,7,3,1,7,6,5,4,3,5,1,4,6,6,3,7,3,6,6,5,4,1,5,5,6,6,1,2,3,7,7,5,2,1,5,5,3,6,7,1,1,4,7,5,4,5,2,5,5,1,7,7,5,5,7,1,1,5,2,7,4,3,6,1,5,7,6,6,3,4,5,5,7,1,4,5,4,1,5,2,7,1,6,1,5,5,6,6,3,7,7,7,4,1,2,1,7,2,6,2,5,1,6,6,1,3,5,6,6,3,5,7,7,1,7,7,7,5,1,1,5,1,6,6,1,5,3,7,4,6,7,4,1,5,6,7,2,1,2,3,7,1,1,5,3,2,1,5,5,5,2,6,4,3,5,5,1,1,4,6,2,3,5,1,3,4,6,2,4,6,5,5,3,5,3,2,7,4,3,1,7,5,4,2,6,4,5,4,1,6,3,4,4,1,1,3,6,7,6,1,3,4,6,4,5,7,5,5,7,6,1,4,1,6,6,2,1,6,4,4,5,5,4,6,5,7,5,5,3,2,2,6,5,3,2,2,4,3,2,6,6,3,6,4,6,5,5,5,4,6,1,5,4,1,5,5,2,5,2,1,1,4,7,1,5,7,1,6,6,2,2,5,1,2,1,2,6,1,3,5,6,1,3,2,1,1,6,4,3,1,Hispanic/latino(a),Do I receive recognition for this study?,152719
11/13/19 14:54,11/13/19 22:49,0,169.235.64.179,100,28472,1,11/13/19 22:49,R_vP5xsU5IQntdZRf,,,,,33.94729614,-117.4008026,,anonymous,EN,3,18,1,,4,,3,4,1,3,4,2,3,4,5,4,4,4,3,4,5,6,4,3,3,4,2,7,6,2,7,4,5,6,3,4,1,5,2,5,7,6,7,1,6,6,6,7,4,1,6,4,5,3,5,7,6,6,6,3,4,3,3,7,,3,3,7,5,6,7,5,7,4,1,4,3,4,7,7,3,6,1,1,6,7,7,2,3,3,3,4,4,3,5,3,7,7,5,4,4,5,4,1,5,7,3,1,7,6,4,7,4,6,1,4,3,3,6,7,6,5,1,5,4,3,1,1,6,3,4,7,4,4,5,6,4,4,7,3,7,1,7,7,1,2,6,3,5,7,5,7,4,1,7,5,3,6,7,4,4,1,3,6,3,6,5,3,4,4,4,4,5,6,4,3,4,4,6,4,4,7,5,4,5,5,5,4,4,7,4,5,5,5,6,3,7,7,5,7,1,4,4,5,4,5,4,5,7,7,3,5,6,6,7,5,7,4,2,6,7,5,7,7,5,7,5,4,7,5,7,5,6,3,4,6,7,4,7,4,3,7,1,5,4,5,7,4,5,7,7,2,5,6,1,5,6,4,7,3,5,3,4,7,5,4,5,4,4,5,7,6,3,3,4,7,4,4,5,6,7,6,7,5,5,4,4,7,5,6,3,7,4,5,4,4,5,7,7,4,5,4,6,4,5,4,7,4,4,4,4,5,4,5,6,6,5,7,3,1,6,3,2,5,6,1,5,7,4,7,1,7,4,4,4,5,4,7,7,4,5,7,5,6,3,6,7,5,1,4,5,3,3,3,5,2,5,3,5,1,7,5,7,5,6,4,7,5,2,7,5,7,4,6,4,3,5,4,4,2,7,7,7,3,4,1,5,7,7,7,7,1,1,5,4,4,6,3,5,6,6,4,5,6,5,4,5,7,7,7,3,4,2,5,4,4,4,6,5,7,4,5,4,1,3,6,6,1,2,4,1,3,4,4,7,7,4,4,4,7,3,4,6,5,4,7,3,1,1,4,7,7,5,4,4,7,4,7,5,3,4,4,7,6,4,7,7,7,4,7,5,7,7,3,7,6,6,5,1,5,6,3,7,2,4,3,7,4,5,5,4,4,6,2,3,3,6,6,1,2,7,7,5,5,7,7,2,2,7,3,7,4,5,7,5,4,6,3,5,5,6,5,4,4,5,7,5,1,5,3,5,7,6,5,3,5,1,3,3,4,7,3,5,2,5,4,6,4,6,5,7,6,3,7,5,7,3,5,5,2,7,6,7,4,4,3,5,3,4,2,7,3,7,6,2,3,4,5,4,4,7,3,2,4,4,7,4,3,2,3,4,7,5,4,3,4,5,5,7,7,5,2,7,3,6,7,7,1,7,7,6,5,7,latinos,,151756
11/13/19 23:35,11/14/19 0:35,0,71.84.65.94,100,3584,1,11/14/19 0:35,R_22nNMKO8cFRwLu3,,,,,33.88999939,-117.3042984,,anonymous,EN,3,18,1,,2,,5,4,1,3,4,3,4,4,3,4,3,3,3,3,3,5,3,4,2,4,3,4,3,3,4,4,3,4,3,3,4,4,3,4,3,3,3,3,5,3,4,5,3,1,4,4,4,3,4,3,5,5,4,3,3,3,3,5,3,3,3,3,4,3,4,4,5,4,3,3,4,3,4,3,5,2,3,3,6,4,3,3,3,3,4,4,3,3,3,3,3,3,4,3,1,4,5,2,3,3,3,3,4,5,2,3,3,3,2,3,3,3,3,3,3,5,3,3,3,3,3,3,3,4,3,5,3,3,3,4,4,2,5,3,3,4,4,4,3,3,3,1,4,4,4,5,4,3,3,3,3,3,3,3,3,3,4,5,4,4,3,4,4,3,2,4,3,4,4,3,4,4,5,3,4,5,3,2,3,4,4,3,4,2,5,3,4,4,3,4,5,5,5,4,1,3,2,3,4,5,5,5,5,4,4,4,4,4,4,3,4,3,4,5,3,3,4,5,3,4,5,3,5,5,4,4,2,4,4,6,4,3,4,3,4,4,4,3,3,4,2,3,3,2,4,2,3,4,3,2,4,5,4,5,3,5,3,3,3,5,4,3,3,5,4,5,4,3,4,6,3,5,2,2,4,4,4,4,3,3,3,3,3,5,3,4,6,3,2,3,3,2,3,2,2,3,4,3,3,4,3,2,3,3,5,3,2,5,3,2,4,4,1,2,5,2,2,3,3,2,5,5,2,3,2,4,3,2,2,5,4,4,4,4,4,2,2,3,2,5,5,3,6,5,2,2,4,4,2,2,2,3,2,5,5,6,4,4,2,3,5,4,2,4,2,5,5,5,5,2,1,5,2,3,5,5,2,6,3,2,2,5,6,2,2,3,4,2,3,2,5,2,5,3,3,3,3,5,4,2,4,4,4,2,4,4,4,6,4,1,2,3,4,5,4,5,4,4,4,4,6,1,3,2,2,3,3,5,7,5,3,2,2,5,2,3,3,3,4,5,4,3,3,4,4,3,3,4,5,2,4,5,2,2,2,2,4,3,3,5,5,3,5,4,3,4,3,3,3,4,3,4,3,4,3,5,3,4,4,3,4,3,4,3,4,3,4,3,3,3,4,3,4,5,4,5,5,3,4,4,2,3,4,3,3,3,3,4,4,4,4,4,4,3,4,4,3,4,3,4,3,2,5,3,4,3,4,5,3,4,4,4,4,4,4,4,4,3,5,4,4,4,3,5,4,3,3,4,3,3,3,3,4,4,4,3,4,4,4,4,4,4,4,3,5,3,4,4,4,3,4,4,5,4,3,4,3,4,4,7,3,3,3,2,5,4,4,4,3,4,3,5,5,5,4,4,4,5,3,4,4,4,4,4,3,3,4,Latin americans,,152341
11/14/19 13:14,11/14/19 13:42,0,169.235.64.159,100,1657,1,11/14/19 13:42,R_6FlgyfIOQqkEOAx,,,,,33.94729614,-117.4008026,,anonymous,EN,3,20,2,,4,,6,6,1,2,5,1,7,5,1,5,2,1,3,2,5,6,1,6,1,6,1,5,6,1,6,6,2,7,1,5,1,6,7,2,6,5,2,1,4,5,7,7,5,1,7,5,5,2,7,6,7,6,6,2,6,4,5,6,5,1,1,1,7,6,7,5,6,7,2,1,5,4,1,4,7,7,2,1,6,4,1,6,6,2,5,4,1,3,3,4,7,7,2,4,2,6,6,1,2,4,7,5,7,1,3,1,6,6,1,1,7,2,1,5,7,3,1,2,7,7,5,7,5,7,2,7,2,3,4,3,2,3,7,3,5,6,7,5,1,3,1,1,5,7,7,7,7,7,4,3,2,2,6,2,4,5,6,1,7,1,4,5,5,5,2,7,4,5,5,7,3,7,7,5,2,3,7,1,3,4,2,5,6,1,2,3,3,6,1,2,4,5,6,3,1,2,2,4,4,2,6,7,7,4,2,4,5,5,5,5,6,3,4,3,5,2,1,4,1,1,1,1,5,5,4,5,3,1,2,6,3,6,6,1,5,6,5,5,5,4,1,5,5,2,4,5,1,2,1,6,5,4,3,5,5,2,5,3,2,4,4,3,3,5,5,3,3,1,5,7,1,6,2,5,3,5,5,5,4,4,3,4,3,7,3,1,5,1,1,1,5,1,6,6,2,1,7,3,5,4,3,5,3,1,3,3,4,4,3,2,4,5,1,4,7,6,5,5,4,1,3,4,4,4,1,4,1,1,4,3,3,5,4,2,1,2,1,2,1,5,3,2,1,5,4,2,7,1,2,2,6,3,3,5,4,6,3,4,2,3,4,3,1,3,4,5,5,1,5,1,1,1,1,2,7,7,6,3,1,2,5,4,5,5,1,1,5,1,2,7,6,2,5,3,7,2,3,5,6,5,6,7,3,6,1,1,2,3,3,5,1,3,2,7,6,5,6,4,5,5,4,4,5,1,3,1,1,4,7,6,5,1,1,5,5,1,2,3,1,1,7,2,1,1,5,5,4,1,6,4,1,1,2,3,3,3,3,1,1,4,2,3,2,5,7,3,3,2,2,3,2,4,2,5,2,1,1,1,3,3,1,1,6,2,1,1,1,4,3,3,4,4,3,3,3,4,1,2,3,1,2,3,2,1,6,1,2,1,2,2,1,2,2,1,1,6,3,4,1,1,3,2,1,1,5,4,5,1,1,1,2,4,3,2,5,4,6,5,3,2,7,2,5,5,5,5,2,1,3,3,2,1,5,1,7,3,4,7,5,2,4,5,5,1,5,1,3,5,6,1,2,4,2,1,2,3,2,3,2,7,1,3,3,1,5,3,1,1,1,4,6,1,2,3,1,5,1,2,1,2,1,2,1,1,5,5,7,Hispanics,,150427
11/14/19 14:22,11/14/19 14:57,0,97.90.195.147,100,2113,1,11/14/19 14:57,R_1F9EPVvtjzJeKm8,,,,,33.94490051,-117.3834,,anonymous,EN,3,20,2,,4,,4,4,1,4,2,3,6,5,2,5,2,2,1,1,5,6,5,4,4,6,3,5,5,6,5,3,7,5,1,1,3,6,3,6,6,5,5,1,4,2,5,7,4,1,4,5,2,3,2,6,6,7,5,3,4,6,6,7,6,2,2,1,4,6,4,5,6,6,3,1,5,1,2,3,6,4,5,1,6,5,3,3,5,4,7,4,2,5,4,5,7,5,5,2,2,5,5,2,2,5,6,4,7,3,2,1,3,6,2,3,3,2,2,5,5,6,1,3,4,6,3,5,5,6,2,6,2,4,5,4,2,2,6,3,5,5,7,6,2,4,4,2,1,5,7,6,2,4,5,1,1,1,4,5,3,2,6,5,6,4,5,3,3,4,5,5,4,5,5,1,5,3,5,2,4,5,2,6,6,1,1,2,4,4,5,5,6,1,2,6,3,5,7,5,1,5,7,2,1,2,7,7,7,6,4,5,6,7,4,4,5,3,3,6,4,5,5,6,1,5,2,4,5,5,3,5,5,4,1,6,7,3,4,4,4,7,5,5,7,2,4,7,6,6,2,5,5,6,1,2,6,5,5,7,2,1,6,2,5,6,5,4,2,4,7,6,7,3,3,1,6,6,5,6,5,6,7,5,5,1,5,4,2,7,3,6,3,6,5,4,6,6,2,3,5,1,3,5,2,5,5,4,5,5,5,2,4,6,3,5,5,5,1,3,6,1,2,6,1,2,4,6,2,2,4,5,2,1,1,5,4,6,6,3,2,3,1,5,2,1,4,2,3,6,5,2,6,4,1,2,5,1,3,1,3,6,7,5,2,4,4,4,1,4,5,1,2,1,5,1,2,4,1,1,6,7,6,4,5,1,5,5,2,5,2,2,1,1,2,7,4,2,5,2,5,5,5,6,4,2,5,5,5,1,3,3,2,5,3,2,1,3,4,7,4,2,1,4,4,5,5,4,4,5,2,2,5,2,7,7,3,2,2,7,5,2,2,2,3,6,6,2,5,5,6,1,5,5,2,1,2,6,4,1,6,4,4,3,6,3,2,5,5,4,4,4,5,3,3,6,2,3,6,2,2,5,3,2,3,3,4,4,5,4,4,3,4,2,4,2,4,5,3,7,4,5,1,6,5,1,2,4,3,3,2,3,4,6,3,2,2,4,4,4,3,5,2,4,3,5,3,3,5,2,6,6,5,1,3,5,1,3,5,4,6,5,4,4,6,2,7,5,4,5,5,5,4,5,5,4,2,4,4,5,6,1,5,7,5,4,4,3,5,2,6,4,3,3,4,4,6,3,2,3,2,6,3,3,4,7,5,4,2,3,6,5,3,4,2,1,4,3,5,5,5,5,2,2,4,4,2,5,6,5,1,2,4,Hispanics,,150619
11/14/19 21:17,11/14/19 21:48,0,75.84.161.36,100,1846,1,11/14/19 21:48,R_2z7vuK9nRlEAvJD,,,,,33.81370544,-117.2228012,,anonymous,EN,3,19,2,,4,,6,4,1,4,2,3,6,5,6,6,5,5,3,5,4,4,5,4,4,5,4,3,5,5,3,5,3,7,5,5,3,5,5,5,7,6,5,2,5,5,6,6,4,1,7,5,5,6,4,5,6,6,5,2,5,5,4,5,4,3,4,5,6,5,7,5,4,6,3,3,4,4,2,3,7,7,1,4,6,6,2,3,7,6,4,3,1,1,4,5,6,7,7,2,3,7,6,7,3,2,6,1,7,3,4,5,7,5,2,3,6,3,5,3,6,7,3,3,7,4,3,6,5,7,5,6,3,1,5,6,3,2,5,3,5,5,7,5,3,2,3,3,4,5,7,5,5,1,7,5,3,3,6,1,6,4,5,6,5,7,6,6,5,5,6,5,5,7,5,5,6,4,5,5,5,6,6,7,7,4,5,2,5,7,5,6,5,3,5,6,5,6,7,6,1,6,6,3,4,5,5,5,6,6,5,6,5,7,6,5,4,4,4,5,6,6,7,6,5,6,6,5,5,3,4,5,6,1,5,6,5,5,6,6,5,6,6,3,4,5,6,6,6,7,5,6,7,7,6,5,4,5,6,6,6,5,6,5,5,2,6,5,7,5,7,7,7,4,5,5,6,5,7,6,7,7,7,5,5,5,5,7,3,6,3,6,3,6,6,4,3,1,3,5,2,3,3,6,6,7,5,6,6,6,5,5,2,5,2,1,5,1,1,5,6,4,1,5,1,3,1,5,3,3,1,5,1,6,3,4,3,5,7,4,4,3,1,5,3,2,2,1,4,2,1,2,2,3,2,2,6,1,3,3,4,5,3,3,3,3,2,4,3,3,1,5,3,3,2,3,2,3,1,5,5,5,2,3,3,3,1,5,3,5,3,5,3,2,1,2,3,5,5,5,3,3,4,5,2,5,5,5,3,3,3,1,5,3,1,3,2,5,5,6,6,6,5,5,3,2,5,2,1,1,1,2,1,5,7,1,5,3,1,4,3,4,3,3,1,1,3,2,1,5,2,4,1,1,2,1,2,2,1,1,3,6,2,3,5,4,2,5,1,1,5,5,4,2,5,2,1,2,4,2,2,3,3,1,4,4,3,3,5,7,3,1,1,1,5,1,2,3,1,4,3,2,3,4,3,1,2,7,3,1,5,4,6,1,1,2,1,2,2,3,2,2,1,3,1,1,2,4,2,2,5,5,6,1,3,1,2,1,4,1,5,2,3,2,1,2,2,5,5,5,4,2,4,3,1,5,6,5,5,3,4,5,3,6,3,2,2,3,5,1,6,6,4,5,7,2,3,4,1,1,1,1,2,1,3,7,1,3,2,2,2,1,1,2,2,1,1,2,1,1,1,2,1,1,2,5,4,1,1,1,1,5,6,Hispanic people ,None that I can think of.,152161
11/15/19 16:11,11/15/19 16:38,0,169.235.64.152,100,1633,1,11/15/19 16:38,R_2c6jeZNii16hbXO,,,,,33.94729614,-117.4008026,,anonymous,EN,3,18,2,,2,,4,3,1,4,4,4,4,4,4,4,6,4,4,4,4,4,4,5,4,4,4,4,4,4,5,4,4,4,4,4,4,4,4,4,4,4,4,4,3,3,4,4,5,1,4,4,4,4,4,4,4,4,4,4,4,4,4,4,4,4,4,5,5,4,4,5,4,5,5,4,4,4,4,4,3,4,4,4,6,4,4,4,4,5,4,4,4,4,4,5,4,4,4,4,4,4,4,4,4,4,4,4,4,4,4,4,4,4,6,4,4,4,4,4,4,5,4,5,4,4,4,3,4,4,4,5,4,4,4,4,4,4,3,3,4,4,4,6,4,4,4,4,4,4,4,4,4,4,4,4,4,4,4,4,5,5,4,5,5,5,4,5,5,4,4,5,5,5,5,5,4,5,5,5,5,5,5,5,4,4,5,5,5,5,5,5,4,5,5,4,5,5,5,5,1,5,5,4,5,5,5,5,4,4,5,5,4,5,5,5,5,5,5,5,5,5,4,5,5,5,5,5,5,5,5,4,4,5,5,6,5,5,5,4,5,5,5,4,5,5,4,5,4,5,5,5,5,5,4,5,5,5,5,5,5,4,4,4,5,5,4,5,5,5,5,5,3,5,5,5,5,4,5,5,5,5,5,5,5,5,5,5,5,5,3,5,5,5,5,5,5,5,5,5,4,4,5,5,5,5,5,5,5,5,5,4,4,4,4,4,4,4,4,4,4,4,4,4,4,4,4,4,4,4,4,4,4,4,4,4,4,4,4,4,4,4,4,4,4,4,4,4,4,4,4,4,4,4,4,2,4,4,4,4,4,4,4,4,4,4,4,4,4,4,4,4,4,4,4,4,5,4,4,4,4,4,4,4,4,4,4,4,4,4,4,4,4,4,4,4,4,4,5,4,4,4,4,4,4,4,4,4,4,4,4,4,4,4,4,4,4,4,4,4,4,4,4,4,4,4,5,4,4,4,4,4,4,4,7,4,4,4,4,4,4,4,4,4,4,4,4,4,4,4,4,4,4,4,4,4,4,4,4,4,4,4,5,5,4,5,5,5,5,5,5,5,4,4,5,4,5,5,5,5,5,5,5,5,5,4,5,5,5,5,5,5,5,3,5,5,5,5,5,5,5,5,4,5,5,5,2,5,5,5,5,5,5,5,5,5,5,5,5,5,5,5,5,4,5,5,4,5,5,5,5,5,5,5,5,5,5,5,5,5,5,5,5,5,5,5,5,5,5,5,5,5,4,5,5,5,4,5,5,5,5,5,5,5,5,5,4,5,5,5,3,4,5,4,4,5,3,5,5,5,5,4,5,5,5,7,3,4,5,5,5,5,5,5,5,5,5,5,4,5,5,3,5,5,5,5,4,5,5,5,4,5,5,Hispanic,,150679
11/16/19 13:08,11/16/19 13:34,0,76.202.54.252,100,1529,1,11/16/19 13:34,R_2YE6eazsuOyZt6c,,,,,33.92489624,-117.459198,,anonymous,EN,3,20,1,,5,,4,5,1,5,4,3,4,4,5,4,3,3,3,4,4,5,4,4,3,5,4,5,5,4,3,4,4,4,4,4,4,4,3,4,4,4,2,3,4,4,3,4,4,1,3,4,6,4,4,4,3,4,3,3,4,3,5,5,3,3,4,5,5,3,5,3,4,4,4,4,4,4,4,3,5,4,5,2,6,3,3,4,5,4,5,4,4,4,4,4,4,3,4,4,4,3,4,3,3,4,3,5,3,3,5,5,4,4,3,3,5,3,3,5,5,3,3,3,5,4,3,2,5,4,3,3,4,4,4,3,4,3,4,3,4,3,4,5,4,3,5,4,3,3,4,4,4,3,4,3,4,4,3,5,2,4,4,4,4,4,3,3,4,5,4,4,3,4,4,3,4,4,4,4,3,5,4,4,4,4,5,4,4,4,5,5,4,3,4,3,3,3,4,4,1,4,4,4,4,4,4,4,4,3,4,4,3,4,5,4,4,5,4,3,4,4,4,3,4,4,4,4,4,4,4,4,4,3,4,6,4,5,4,4,4,4,4,4,4,4,4,4,4,4,3,4,3,5,4,4,4,4,4,4,3,4,4,3,4,4,3,3,4,4,4,4,4,4,3,4,4,5,3,4,3,4,4,4,4,4,4,4,4,2,3,4,4,5,4,3,5,4,4,4,4,5,3,4,4,4,3,4,4,4,4,4,4,4,4,4,3,4,4,4,4,4,5,4,3,4,3,4,3,4,4,4,4,3,4,4,4,4,4,4,4,3,4,4,4,4,4,5,,3,3,4,4,3,3,2,2,4,4,4,4,4,3,4,3,4,3,3,4,4,4,3,4,4,4,4,4,5,5,4,4,4,4,3,5,4,5,3,3,4,4,4,3,3,4,2,4,4,5,4,4,4,4,4,4,4,4,3,3,3,4,3,4,5,4,4,4,4,4,2,4,4,3,4,5,4,4,4,4,4,3,4,5,3,7,4,4,5,3,4,3,4,3,3,3,4,4,4,3,4,4,3,4,4,4,4,3,4,3,3,3,4,3,4,5,3,4,3,4,3,3,4,4,3,3,4,3,4,5,2,4,4,5,3,4,3,3,4,4,4,5,5,6,4,4,3,5,3,3,3,4,4,5,4,4,4,2,4,4,4,4,5,6,3,3,4,4,5,4,5,4,3,3,4,3,4,3,4,4,4,4,4,4,5,4,5,3,3,5,3,3,4,3,2,4,4,3,3,4,5,3,4,3,3,5,5,2,5,4,3,4,2,3,4,4,4,4,3,4,4,4,3,5,5,5,5,3,5,4,4,3,3,3,4,5,7,4,4,4,4,3,5,4,4,4,3,4,4,4,3,4,4,5,4,4,3,5,5,3,4,3,3,3,hispanic/latino ,,152617
11/16/19 14:11,11/16/19 16:51,0,47.44.206.44,100,9642,1,11/16/19 16:51,R_25MKeUPqFWAWwQm,,,,,33.97639465,-117.3340988,,anonymous,EN,3,19,1,,2,,4,4,1,1,1,3,1,3,3,4,1,1,3,4,4,5,3,1,4,1,1,3,1,1,1,1,1,4,1,1,1,1,1,1,1,1,1,1,5,4,1,5,1,1,1,4,1,1,1,5,6,4,5,1,1,1,5,1,1,1,1,1,1,1,1,3,4,1,1,1,1,1,3,4,4,1,5,1,6,1,1,1,1,4,4,1,1,1,3,1,5,5,1,1,1,2,1,1,1,4,1,1,1,1,1,1,1,4,1,1,1,3,1,1,1,1,1,1,1,1,1,1,1,1,4,6,1,1,3,1,4,1,6,3,1,1,1,5,1,1,1,1,1,2,1,3,1,1,1,5,1,1,1,4,4,3,7,7,6,1,7,7,2,5,5,7,4,6,4,4,7,5,5,3,4,5,2,5,7,2,3,5,3,6,3,5,4,2,4,4,2,6,6,6,1,4,7,4,1,2,7,7,7,7,7,3,6,7,4,5,4,6,6,7,6,1,6,5,4,7,6,3,6,4,1,5,6,7,6,6,7,3,5,5,7,7,7,5,7,4,4,7,5,6,5,7,5,5,3,1,5,4,6,2,1,1,4,4,2,7,4,5,4,4,7,7,6,2,3,3,3,7,5,6,6,7,7,4,5,3,7,6,4,7,3,7,1,5,4,1,6,2,1,1,2,3,6,5,5,5,6,2,4,7,3,1,1,1,1,1,1,2,2,1,1,1,1,2,1,1,1,1,1,1,1,1,1,1,1,1,1,1,1,1,1,1,1,1,1,1,1,1,1,1,1,1,2,1,1,2,3,1,1,1,1,2,1,1,1,1,1,1,1,1,1,1,1,1,1,1,2,1,1,1,5,2,1,1,1,1,1,1,1,1,1,1,1,1,1,1,1,4,5,1,1,1,1,1,1,1,1,1,2,4,1,1,1,1,1,1,1,1,1,2,1,1,1,1,1,1,1,1,1,1,1,1,1,1,7,2,3,1,1,1,1,1,1,1,1,1,1,1,1,1,1,1,2,1,1,1,1,1,2,1,1,1,2,5,2,7,2,6,7,7,6,3,4,2,5,5,3,7,6,1,4,4,2,4,3,2,3,4,3,2,3,1,3,1,3,4,2,1,1,4,2,6,3,2,6,1,2,3,4,3,4,4,6,5,1,4,5,6,3,6,3,4,1,1,1,7,3,3,7,3,5,6,5,1,3,5,2,5,4,2,5,5,7,2,2,3,6,7,2,5,5,5,3,5,5,6,2,2,3,6,7,2,5,4,2,6,3,7,3,3,1,5,3,5,1,2,4,5,2,2,3,6,4,2,3,7,2,3,5,5,4,2,4,4,5,4,1,1,4,5,1,5,1,2,2,3,1,2,5,6,4,5,4,hispanic/latino,,151726
11/16/19 15:31,11/16/19 17:22,0,66.215.13.83,100,6639,1,11/16/19 17:22,R_27eOcw0Q4WlG0dr,,,,,33.97639465,-117.3340988,,anonymous,EN,3,19,2,,4,,6,4,1,1,3,2,3,1,5,2,3,3,5,4,3,4,5,5,3,5,1,3,1,3,2,1,4,7,1,2,1,5,6,2,6,5,2,1,3,3,3,4,3,1,6,6,1,1,3,4,5,3,5,1,4,5,2,3,3,3,1,2,5,3,5,3,3,1,3,1,1,2,1,4,6,5,3,1,6,3,3,5,1,2,4,1,3,1,1,1,5,1,7,2,1,1,6,1,1,1,5,1,7,2,1,3,4,1,1,4,3,1,3,6,4,5,1,4,1,2,2,4,2,5,2,6,4,2,1,5,2,1,6,3,4,1,6,5,1,2,1,1,1,1,1,1,1,3,3,5,1,2,6,1,4,5,5,6,5,4,3,6,5,2,5,4,4,4,5,5,6,4,3,4,4,5,5,2,7,5,5,6,5,6,5,6,6,3,5,3,5,3,7,5,1,4,3,4,5,3,5,4,5,3,3,4,5,5,6,4,5,4,5,5,3,3,3,6,6,3,5,4,5,3,4,6,4,5,3,6,6,7,4,4,4,4,6,3,4,3,3,6,5,7,5,3,5,5,2,5,3,7,4,4,4,5,4,,4,4,3,3,3,4,5,6,4,3,6,7,5,6,6,4,5,6,7,5,2,2,3,6,3,5,3,5,3,6,3,4,5,3,3,2,3,3,5,3,5,4,3,2,5,6,3,3,5,1,3,6,3,3,1,1,1,1,1,6,3,1,1,3,1,6,3,1,4,4,1,7,4,3,5,6,1,5,1,5,2,6,4,1,1,4,1,1,7,1,5,2,6,3,3,3,5,4,6,4,1,1,1,1,3,5,1,4,1,4,5,1,1,6,1,1,6,6,2,6,6,5,4,5,6,4,5,1,1,1,2,5,4,1,5,1,1,4,1,6,1,3,5,5,1,2,5,3,1,1,4,3,1,1,4,5,2,4,2,1,2,1,5,1,7,5,1,5,4,1,7,6,3,5,5,1,1,1,6,3,1,5,6,1,3,1,5,4,4,1,5,1,1,6,1,1,1,3,3,3,4,7,4,5,6,7,7,6,5,2,5,7,2,6,4,2,3,2,2,5,4,2,6,2,5,6,2,3,3,2,5,2,5,5,2,6,3,6,2,7,5,3,2,5,4,3,2,2,5,4,5,5,3,4,5,3,2,6,2,2,5,6,2,3,7,3,7,3,4,3,4,4,5,4,2,2,5,3,6,3,5,2,7,5,5,5,4,7,5,5,5,3,3,3,2,5,7,3,6,7,4,5,5,2,3,6,7,4,2,5,4,2,3,3,3,1,5,2,3,2,2,7,4,4,2,4,6,5,2,4,2,1,2,2,5,2,3,3,5,4,3,5,5,2,5,3,2,4,7,Hispanics,,152599
11/16/19 15:55,11/16/19 18:08,0,12.156.141.228,100,8000,1,11/16/19 18:09,R_1OHVyiauqyRo6ns,,,,,33.97639465,-117.3340988,,anonymous,EN,3,20,2,,2,,4,6,2,6,5,4,6,6,5,5,5,6,5,6,5,5,4,5,6,5,5,6,5,5,5,6,5,5,6,6,5,4,4,6,6,4,7,7,3,6,5,4,5,1,6,5,6,5,5,6,4,5,5,5,6,5,5,7,5,4,5,2,6,5,4,5,6,5,6,6,4,6,6,6,5,3,4,5,5,4,5,6,5,5,4,6,6,5,6,2,5,5,7,5,6,5,5,5,4,4,3,5,5,4,5,5,5,6,5,7,4,5,4,6,5,4,5,7,5,6,3,4,6,6,7,4,6,5,5,4,6,5,5,3,6,5,5,5,5,5,6,6,4,6,5,4,6,2,4,4,5,7,5,5,5,4,3,4,5,3,3,3,4,,,4,3,4,4,,,,3,5,4,5,4,3,5,2,5,4,4,7,3,3,7,4,,4,4,3,4,3,5,4,4,4,5,3,6,4,3,4,4,4,5,7,4,5,3,5,4,6,4,,4,5,5,5,4,5,4,4,,4,4,4,5,5,3,,4,3,3,5,3,3,3,3,3,4,3,,4,,4,3,4,4,3,5,2,6,5,5,5,5,4,3,3,4,4,7,6,6,4,4,5,5,3,4,6,5,5,3,5,5,3,4,4,3,5,4,5,5,4,5,3,,4,4,,5,1,3,4,3,1,6,4,,,5,4,5,5,5,5,5,6,4,5,5,5,3,4,4,5,5,5,5,5,4,5,5,5,4,4,5,5,5,5,5,5,5,5,5,5,4,6,5,4,4,5,5,5,5,5,2,6,6,4,4,5,5,5,6,5,5,6,5,5,5,5,5,5,5,6,4,5,5,4,5,4,5,5,5,6,6,4,4,5,5,5,4,5,6,5,5,5,5,5,5,5,5,5,4,6,6,4,4,5,5,5,5,6,5,7,4,4,5,5,7,5,4,5,5,5,5,5,5,4,6,5,5,4,4,7,5,4,7,3,5,4,4,5,6,5,5,5,5,6,4,5,5,5,7,5,6,4,4,5,5,5,4,4,4,4,4,5,4,4,4,5,4,5,5,5,5,5,5,5,5,5,5,4,5,4,5,4,5,5,4,4,4,5,5,5,5,5,4,4,6,5,5,4,4,5,5,2,4,5,5,4,5,5,4,5,5,5,3,4,5,5,4,4,5,4,5,4,6,5,4,6,4,4,4,4,6,5,5,4,4,6,5,4,4,4,5,4,4,4,5,4,4,4,4,5,5,4,4,4,5,4,5,6,5,4,7,4,5,5,5,7,4,5,4,5,5,4,4,4,4,4,4,6,5,5,7,4,5,4,5,4,5,5,6,4,5,4,4,5,5,5,7,4,5,4,4,5,4,5,5,5,5,5,hispanic and latino,,150820
11/16/19 18:56,11/16/19 20:06,0,12.119.141.190,100,4208,1,11/16/19 20:06,R_21vtLuZcTsQM5ys,,,,,33.97639465,-117.3340988,,anonymous,EN,3,21,1,,"3,4",,6,7,1,3,3,2,5,2,6,6,3,4,5,6,3,4,5,2,1,7,1,2,4,2,1,6,7,6,1,4,2,2,5,5,2,6,6,5,6,3,5,7,3,1,7,5,1,1,6,7,2,7,2,2,6,4,6,5,4,7,2,4,2,3,7,1,6,6,1,2,2,2,1,4,4,7,6,1,6,3,5,4,3,6,5,1,1,4,4,1,6,7,7,2,3,6,3,1,2,5,6,2,7,2,4,1,4,5,1,2,5,2,3,5,2,7,2,2,1,7,1,6,4,2,2,6,3,3,4,6,1,1,7,3,1,6,6,5,1,6,2,1,6,5,5,7,6,5,6,2,1,6,6,5,3,5,3,6,7,4,3,6,3,6,4,5,6,5,6,2,4,4,6,7,5,6,5,5,6,4,5,2,1,5,5,4,5,2,5,6,7,6,5,5,1,5,3,6,6,3,6,7,3,3,3,5,6,7,5,6,6,5,5,6,6,6,4,4,6,1,6,3,5,5,6,4,5,1,2,6,6,6,6,2,5,7,2,2,6,4,5,3,5,6,4,6,6,5,3,4,6,6,4,4,2,3,4,6,4,5,6,7,4,5,5,6,3,5,6,7,4,5,7,6,7,7,5,6,6,6,4,5,4,6,3,7,2,5,3,5,6,2,4,7,5,3,5,4,7,6,3,3,5,3,3,6,1,5,4,6,5,4,1,1,6,3,1,5,6,3,1,5,2,1,3,7,3,2,2,6,1,5,6,1,3,3,1,6,1,2,6,6,1,1,1,1,7,1,6,2,7,1,1,1,5,6,6,6,2,2,5,4,5,5,4,5,1,1,4,2,1,2,1,1,7,6,1,1,1,1,5,2,1,4,4,1,2,1,1,5,7,1,5,1,5,6,6,6,5,7,7,6,5,5,1,4,2,1,3,4,1,3,4,7,7,7,4,6,3,5,4,2,3,2,2,3,5,5,7,5,4,1,2,5,3,1,1,4,2,3,5,1,3,4,3,6,5,3,1,2,4,3,1,1,6,3,1,2,2,6,3,3,3,1,4,4,2,1,3,4,2,2,3,3,1,1,3,1,2,1,3,1,4,5,1,2,2,1,3,1,3,1,4,5,2,4,2,3,4,1,2,5,1,2,4,2,4,2,3,2,2,3,3,3,2,4,2,2,1,3,2,1,1,3,3,3,3,4,1,2,1,4,1,4,4,4,4,3,2,3,3,3,2,5,4,3,4,4,3,4,4,3,2,2,4,2,3,4,3,3,3,4,3,3,5,2,3,3,2,3,2,1,3,3,2,2,2,3,3,7,4,3,2,3,2,2,1,2,2,2,4,3,3,3,3,4,3,3,5,2,4,2,5,2,4,5,4,Hispanics/Latinos,"Interesting study, but a bit too much questions.",150790
11/16/19 22:43,11/16/19 23:19,0,107.208.194.149,100,2189,1,11/16/19 23:19,R_1CKO1Wr4mMxqD88,,,,,33.85780334,-117.7868958,,anonymous,EN,3,20,2,,2,,7,5,1,4,6,1,5,4,5,5,4,2,4,5,5,7,6,4,4,5,4,5,6,4,4,4,6,6,4,4,2,4,5,4,5,6,4,3,5,4,2,6,4,1,5,6,6,5,4,7,7,5,5,4,7,5,4,4,5,2,3,2,6,4,6,4,5,5,4,4,5,4,5,1,7,5,4,3,6,4,3,4,4,4,5,4,5,5,4,4,6,5,4,2,4,5,6,4,5,4,6,4,6,4,4,5,5,5,1,5,5,3,3,6,5,7,2,4,4,7,3,6,5,5,4,6,3,4,5,5,3,1,7,3,6,7,5,6,4,6,4,4,4,4,7,7,6,7,4,4,3,4,7,6,6,6,4,6,4,5,5,5,5,5,5,5,5,5,5,4,5,4,5,4,5,4,4,4,6,4,5,4,5,5,4,5,5,5,4,4,6,5,5,4,1,5,4,6,5,5,4,5,4,5,5,4,4,4,4,5,5,5,5,6,4,5,4,5,4,4,4,5,5,5,5,5,6,3,4,6,5,6,4,5,4,5,4,4,5,5,4,4,4,5,5,4,5,5,4,5,5,6,5,7,6,4,5,5,4,3,5,6,5,4,5,4,5,4,5,7,4,5,5,5,5,5,4,5,5,5,5,6,4,4,3,6,4,4,4,4,6,4,3,4,4,5,5,6,5,6,6,5,5,5,5,4,4,4,3,4,5,4,2,3,6,3,2,5,5,2,5,3,5,2,2,3,3,4,3,4,3,5,4,6,3,3,1,4,4,3,5,4,7,4,3,4,7,3,4,2,5,2,3,4,5,5,3,6,3,3,3,3,4,4,3,4,3,2,3,3,2,3,1,2,7,6,2,4,3,7,4,5,5,6,3,3,4,2,3,7,4,5,5,2,6,7,2,4,3,3,4,7,3,4,5,4,4,5,4,3,1,4,4,7,5,7,3,7,3,6,5,4,3,3,1,3,3,3,7,5,3,2,3,5,3,3,4,2,2,1,5,4,3,6,4,2,5,4,3,2,2,3,2,1,4,4,4,4,3,5,6,4,4,6,4,3,5,4,5,6,3,4,4,5,3,3,3,3,5,6,5,4,4,5,5,3,5,3,6,3,4,5,3,6,4,5,3,7,4,3,2,4,3,4,3,4,4,5,4,3,3,3,4,3,5,3,3,4,3,4,4,3,4,3,6,5,4,3,3,5,4,5,3,4,5,5,5,6,4,5,7,5,5,5,4,6,6,4,4,6,4,4,3,5,7,4,5,6,4,5,3,4,5,4,5,4,4,4,5,3,5,3,6,4,5,3,5,3,4,7,2,5,3,3,4,5,5,3,4,5,5,3,3,4,3,3,4,4,4,5,3,3,6,3,4,3,5,Hispanic/Latino,,152305
11/17/19 14:12,11/17/19 16:36,0,169.235.64.172,100,8623,1,11/17/19 16:36,R_2yrd3ra4OhjWzkU,,,,,33.94729614,-117.4008026,,anonymous,EN,3,18,2,,"3,4",,6,5,1,4,4,3,6,3,5,5,4,5,3,5,4,3,5,4,4,3,3,3,5,5,5,4,5,4,4,4,3,4,5,5,3,4,5,4,6,5,4,6,4,1,4,4,3,4,3,3,6,6,4,5,4,4,6,6,4,3,3,4,4,5,3,3,5,5,2,4,5,5,3,4,6,5,5,3,6,4,3,5,3,4,5,6,4,3,4,4,5,5,5,3,3,5,4,3,3,4,5,3,5,2,4,4,5,4,4,3,3,3,5,4,5,6,3,4,5,5,3,4,3,5,4,6,5,3,2,7,3,4,6,3,5,4,6,5,3,4,2,3,4,3,3,6,4,5,3,3,4,5,5,4,4,5,5,5,5,4,5,4,5,4,5,5,5,5,5,4,5,3,4,5,5,5,4,5,5,4,4,4,5,5,5,5,5,4,4,6,5,5,5,3,1,4,3,4,4,4,5,6,7,4,6,4,5,5,5,5,5,5,4,5,3,4,3,7,5,1,5,6,5,5,4,6,4,6,4,6,5,4,5,3,4,6,5,3,3,3,3,5,5,5,5,3,4,4,4,5,5,4,4,5,5,4,4,5,5,2,3,4,5,5,5,5,5,5,5,5,5,4,5,3,6,3,5,4,5,5,4,5,4,5,3,5,4,4,3,3,5,3,4,2,4,3,6,5,5,5,4,4,5,4,4,5,3,3,4,2,7,5,3,5,6,5,1,6,6,3,5,5,4,5,2,4,5,4,5,5,5,5,5,4,6,3,5,7,2,4,5,6,2,3,5,2,7,2,5,2,6,7,3,5,7,7,3,6,5,5,5,2,5,4,2,5,5,5,6,3,5,3,1,3,7,6,4,4,6,5,5,6,2,6,5,4,5,2,4,7,5,6,5,5,7,5,5,7,5,5,5,7,5,5,5,5,2,4,5,2,1,6,4,6,6,7,5,7,3,4,6,2,2,3,2,2,4,4,7,5,5,5,3,5,2,2,3,4,2,2,3,2,4,5,2,5,5,2,2,3,2,3,2,3,6,4,3,2,2,4,3,2,5,3,4,3,3,2,5,4,3,5,3,4,3,3,2,2,4,2,2,3,4,4,4,3,4,3,3,2,4,4,2,5,5,5,4,4,4,3,2,6,4,2,3,2,5,2,3,2,4,2,3,3,4,5,4,3,4,4,3,3,4,2,5,5,4,4,2,3,3,3,4,5,5,4,3,4,5,5,6,3,6,5,4,4,4,3,2,4,5,4,5,2,5,3,3,5,3,5,3,3,5,4,4,5,4,3,5,3,2,2,3,3,2,3,2,3,3,7,3,3,2,4,5,4,3,3,2,3,3,4,4,4,5,4,2,3,2,2,3,3,5,3,3,5,6,Latino,,151138
11/17/19 22:14,11/17/19 23:32,0,142.129.199.193,100,4636,1,11/17/19 23:32,R_2rSKOJRQGnVXPeT,,,,,33.81370544,-117.2228012,,anonymous,EN,3,22,1,,4,,4,5,1,4,5,4,5,6,6,2,2,2,3,2,4,5,4,4,4,5,2,5,2,3,5,4,3,7,1,3,1,4,5,3,6,4,1,4,2,4,5,3,3,1,3,2,1,2,3,4,4,7,5,4,5,3,4,4,4,3,3,3,5,4,6,4,6,5,3,7,7,3,4,3,6,3,2,2,6,4,1,4,6,2,4,7,3,4,3,6,4,3,5,5,3,7,4,2,1,4,4,3,3,4,5,1,4,1,1,2,4,2,3,3,4,4,1,4,4,7,6,5,4,5,3,4,2,3,4,5,2,4,6,3,5,7,4,1,3,4,6,4,2,2,7,5,5,6,4,2,2,3,2,2,4,4,5,4,7,2,4,5,3,4,3,4,3,5,6,5,3,7,5,5,3,4,4,3,5,3,4,7,7,4,5,4,5,3,3,3,6,4,3,5,1,3,4,3,3,3,5,4,6,2,4,2,5,4,4,5,4,4,4,6,2,5,5,5,3,6,5,4,4,3,4,3,3,3,7,6,6,7,6,3,5,4,7,5,5,4,4,3,4,5,5,3,4,3,3,4,3,2,4,7,3,4,5,3,3,7,6,4,2,7,5,6,4,6,5,7,6,7,7,4,3,4,3,5,5,3,4,5,4,6,3,4,3,5,4,3,4,3,4,3,4,4,7,5,4,7,6,4,4,4,4,2,7,3,4,4,4,7,3,7,5,4,4,2,3,2,4,5,7,2,7,4,1,4,3,6,4,4,4,4,4,6,2,2,3,4,2,4,7,6,7,2,6,7,4,2,3,2,5,5,2,2,6,4,3,4,7,6,4,4,4,7,2,5,7,4,2,6,4,3,7,6,4,4,3,4,7,4,5,4,4,4,4,4,4,7,5,4,5,3,2,2,4,7,2,4,4,6,5,4,4,3,3,5,4,5,2,4,6,7,5,4,3,7,3,3,6,3,3,3,4,4,3,4,7,7,4,4,3,7,3,3,2,2,3,1,7,3,7,7,6,3,6,7,2,4,3,7,5,7,2,6,3,2,4,4,3,7,7,6,7,7,5,5,4,6,3,3,7,3,7,3,4,5,3,7,6,6,7,7,4,5,5,2,4,4,2,3,3,7,5,7,2,7,3,5,2,5,4,5,7,5,4,5,4,5,3,7,5,5,4,5,2,4,3,7,5,4,6,2,6,6,5,3,5,5,2,5,3,3,5,7,7,4,7,4,7,2,4,5,6,6,4,4,7,3,5,6,5,7,7,3,7,7,5,5,7,7,6,4,7,6,4,7,5,5,3,6,4,4,5,5,6,4,4,7,6,4,5,5,7,4,4,7,3,4,5,4,4,4,6,4,5,5,2,6,7,5,7,7,2,4,7,Hispanics,,152494
11/17/19 23:28,11/18/19 0:12,0,169.235.64.159,100,2663,1,11/18/19 0:12,R_3qmP2ai1i2WrqFa,,,,,33.94729614,-117.4008026,,anonymous,EN,3,19,2,,2,,4,7,1,4,4,4,4,4,4,4,4,4,4,4,4,4,4,4,4,4,4,4,4,4,4,4,4,4,4,4,4,4,4,4,1,4,4,4,4,4,4,4,4,1,4,4,4,4,1,4,4,4,4,4,4,4,3,4,4,4,4,4,4,4,4,4,4,4,4,4,4,4,4,4,4,4,4,3,4,4,4,4,4,4,4,4,4,4,4,4,4,4,4,4,4,4,4,4,4,4,4,4,1,4,1,4,4,4,4,4,4,4,4,4,4,4,4,4,4,4,4,4,4,4,4,4,4,4,4,4,4,4,4,3,4,4,4,4,4,4,4,4,4,4,4,4,4,4,4,4,4,4,4,4,6,6,6,6,7,6,5,6,6,6,5,6,6,5,6,6,7,6,5,5,6,6,5,5,5,5,4,5,5,6,6,5,6,6,6,6,5,6,6,6,1,6,5,5,5,6,6,7,5,6,6,7,5,7,6,5,6,6,5,6,6,7,6,4,7,5,6,6,6,5,6,5,5,5,4,6,5,7,5,7,5,7,7,6,6,3,7,5,5,7,5,6,5,5,6,7,6,5,4,6,5,6,5,6,4,7,4,7,5,5,6,6,5,6,5,5,5,5,7,6,6,5,5,6,6,5,5,5,5,6,3,5,5,5,5,5,6,5,6,3,6,6,6,6,5,5,6,5,5,6,4,5,5,5,6,4,5,5,6,4,5,4,5,6,6,6,4,4,5,5,4,6,5,6,5,6,4,4,5,5,5,6,7,4,6,6,4,5,6,5,5,5,5,6,6,5,6,5,5,5,6,5,6,5,5,5,5,5,6,6,4,4,5,5,5,6,4,5,4,5,6,6,5,5,4,6,4,6,6,5,5,5,4,4,4,5,5,5,5,6,4,5,5,5,5,3,5,5,5,4,4,4,6,6,6,5,5,5,3,6,5,4,5,5,5,5,6,6,5,4,5,5,6,6,7,6,6,5,5,5,5,5,5,5,4,5,4,6,7,6,4,5,6,5,5,6,5,5,4,6,5,4,4,4,4,4,4,4,4,4,4,4,4,4,4,4,4,4,4,4,4,4,4,4,4,4,4,4,4,4,4,4,4,4,4,4,4,4,4,4,4,4,4,4,4,4,2,4,4,4,4,4,4,4,4,4,4,4,4,4,4,4,4,4,4,4,4,4,4,4,4,4,4,4,4,4,4,4,4,4,4,4,4,4,4,4,4,4,4,5,4,4,4,4,4,4,4,4,4,4,4,4,4,4,4,4,4,4,4,4,4,4,4,4,4,4,4,4,4,4,4,4,4,4,4,4,4,4,4,4,4,4,4,4,4,4,4,4,4,4,4,4,4,4,4,4,4,4,4,4,4,4,4,Students,N/A,151720
11/18/19 9:44,11/18/19 10:24,0,47.152.83.133,100,2424,1,11/18/19 10:24,R_1I9JJMBH1JwRZrA,,,,,34.02819824,-117.0372009,,anonymous,EN,3,24,1,,4,,2,6,1,1,4,1,1,4,1,1,1,1,1,1,3,5,4,1,1,3,1,4,1,1,2,1,1,2,1,1,1,3,3,3,5,2,1,1,4,3,3,6,2,1,5,1,1,1,2,4,4,1,4,4,4,4,4,1,4,4,1,4,5,4,5,3,4,1,1,1,1,1,1,1,5,5,1,1,6,1,1,4,4,1,5,4,1,4,3,1,5,5,2,3,1,3,3,1,1,4,1,1,5,1,1,1,4,1,1,4,1,1,3,5,4,4,1,2,1,4,1,5,4,1,1,5,1,1,1,3,1,2,6,3,4,5,1,1,1,3,1,1,1,1,3,5,3,4,4,1,1,1,1,1,2,4,4,4,4,2,4,4,4,3,3,4,4,3,4,3,3,4,5,4,4,5,3,3,3,2,4,3,2,3,4,3,4,2,2,3,5,4,4,3,1,4,1,4,3,4,5,5,5,3,2,3,5,4,4,5,4,3,2,5,2,5,3,5,3,2,3,3,3,3,4,4,5,4,3,6,3,4,5,4,4,5,4,3,4,3,3,5,5,3,2,3,3,4,2,2,4,3,3,5,4,4,4,3,3,3,3,4,3,3,4,4,5,2,3,3,2,3,5,5,4,3,5,2,3,4,2,4,4,5,3,5,3,3,2,1,4,1,3,4,3,3,4,3,4,3,3,3,2,2,3,1,1,1,1,1,1,1,1,1,3,1,1,1,1,1,1,3,1,1,1,1,1,1,1,1,1,2,1,1,1,1,1,1,1,1,1,1,1,1,1,1,2,1,1,2,1,1,1,1,1,1,1,1,1,1,1,1,1,1,1,1,1,1,1,1,1,1,1,1,1,1,1,1,1,1,1,1,1,1,1,1,1,1,1,1,1,4,5,1,1,1,1,1,1,1,1,1,1,1,1,1,1,1,1,1,1,1,1,5,4,1,1,1,1,1,1,1,1,1,1,1,1,1,7,1,1,1,1,1,1,1,1,1,1,2,1,1,1,1,1,1,1,1,1,1,1,1,1,1,1,1,4,5,3,7,5,4,4,3,4,4,4,4,3,4,3,4,5,4,3,4,3,2,3,5,4,4,6,4,4,4,5,3,4,3,4,5,4,7,5,5,4,6,6,4,2,3,3,4,3,4,3,6,3,5,4,4,5,4,5,5,4,4,4,5,3,3,7,3,3,4,4,4,3,5,3,5,4,3,4,5,4,4,5,4,5,4,4,5,5,4,5,3,3,3,4,4,3,4,4,4,6,3,6,6,5,3,3,4,4,4,4,4,3,4,5,5,4,5,6,5,2,6,5,7,5,3,3,6,6,5,4,4,3,5,5,5,4,5,5,5,3,5,5,4,4,5,6,4,4,4,4,Hispanic/latino,,152821
11/18/19 10:07,11/18/19 10:50,0,169.235.64.151,100,2590,1,11/18/19 10:50,R_3M0C98nQHyweAs4,,,,,33.94729614,-117.4008026,,anonymous,EN,3,18,2,,2,,6,6,1,3,3,2,4,3,2,3,3,3,3,7,3,6,3,2,3,7,2,3,4,4,3,4,5,5,3,4,3,5,3,4,3,4,3,2,5,3,3,7,5,1,3,5,3,2,5,5,7,7,4,2,3,4,4,3,3,2,2,4,3,3,6,3,7,7,1,3,4,4,3,3,7,2,2,3,6,3,3,4,3,2,4,4,4,4,3,5,7,6,3,3,3,1,4,1,2,4,3,1,7,3,3,3,5,5,1,3,3,3,3,3,3,3,3,2,3,3,3,3,3,7,4,7,2,4,3,7,2,2,7,3,3,4,7,5,2,4,3,3,4,4,7,4,7,2,3,3,3,2,2,4,7,5,4,5,7,5,5,5,4,5,5,7,6,7,5,5,7,4,7,4,4,5,5,5,7,4,5,5,7,7,6,6,5,5,5,7,6,7,6,5,1,6,5,5,4,5,7,7,7,7,5,5,7,7,6,6,5,5,5,7,6,6,4,7,3,7,4,5,7,4,5,7,5,6,3,6,6,6,7,7,6,7,7,3,7,4,7,6,6,7,6,7,5,5,4,6,6,4,3,7,4,3,4,4,6,6,5,4,5,7,6,7,6,4,7,5,4,5,7,7,4,7,7,6,7,4,4,5,4,7,3,5,5,3,3,3,6,1,3,4,2,3,5,5,5,6,7,5,6,7,4,3,2,2,2,3,4,2,1,2,4,3,1,4,3,2,3,4,2,2,2,3,3,3,2,3,3,5,3,3,2,4,2,4,2,2,3,3,2,3,1,2,3,2,3,2,4,3,1,3,3,4,2,3,3,2,3,2,2,2,1,4,3,3,3,2,1,2,2,1,5,4,5,3,3,4,3,4,3,3,2,2,4,1,3,3,2,1,5,2,1,3,3,4,4,2,5,5,4,2,3,3,2,3,4,3,2,2,2,7,4,4,3,3,3,2,5,2,3,2,3,3,4,3,7,5,2,3,2,2,2,2,2,3,3,3,4,1,3,4,3,2,2,3,3,2,3,3,1,3,2,1,5,5,3,4,4,6,5,5,5,6,4,2,2,5,3,6,7,5,4,4,4,4,4,4,4,5,7,5,4,3,6,3,4,2,5,6,3,7,4,4,4,5,6,4,2,5,3,4,5,4,5,5,4,4,4,5,4,3,3,5,2,5,3,3,3,2,6,3,3,6,5,3,4,4,5,5,5,2,6,3,7,5,4,4,5,4,3,5,5,5,3,4,5,5,2,3,4,7,7,4,6,5,6,6,5,4,4,3,7,6,7,7,5,2,4,5,3,5,4,3,4,4,4,7,1,4,4,4,5,7,3,5,4,4,4,3,3,5,2,3,2,5,3,5,4,5,7,4,4,5,6,Hispanic/Latino,,152260
11/18/19 12:01,11/18/19 12:39,0,169.235.64.177,100,2299,1,11/18/19 12:39,R_bOflKGhPasgt4A1,,,,,33.94729614,-117.4008026,,anonymous,EN,3,19,1,,4,,4,6,1,5,6,2,1,2,1,3,4,1,1,1,4,2,5,3,1,5,1,1,6,1,4,1,7,5,5,2,1,1,1,1,6,5,1,4,1,2,1,5,1,1,7,1,4,3,1,5,3,6,4,5,3,2,1,2,6,4,1,3,1,1,5,6,5,4,1,2,6,2,4,1,7,6,1,1,6,4,1,7,3,5,1,1,1,1,1,1,7,7,6,4,2,4,5,1,1,4,3,1,7,1,2,2,5,3,2,4,5,5,1,7,4,6,2,5,3,2,5,5,6,2,3,1,2,2,1,6,1,4,6,3,5,1,3,5,2,4,4,6,3,6,5,6,2,3,4,3,1,3,5,6,4,6,5,5,3,5,3,3,3,4,5,2,6,5,5,4,5,5,6,3,4,4,5,2,6,4,3,3,4,5,4,5,3,5,3,6,5,5,5,6,1,3,5,6,3,5,3,6,5,5,5,5,4,5,4,4,3,5,5,4,5,4,4,5,3,5,4,4,4,5,4,6,3,2,4,6,3,6,6,5,5,6,5,5,3,3,4,4,3,5,2,4,2,7,1,4,5,4,4,4,2,4,5,5,5,5,5,6,6,5,7,5,5,6,3,2,5,5,5,2,5,5,6,6,4,5,4,5,5,6,3,4,1,5,4,2,4,2,6,4,2,4,4,3,3,5,5,4,5,4,3,4,1,1,3,1,6,2,1,3,5,4,1,5,4,2,2,5,2,2,1,2,4,5,2,4,5,5,5,4,2,2,4,5,2,3,2,1,4,2,2,2,7,3,1,2,5,1,2,4,4,6,3,2,1,2,3,3,4,2,2,2,1,1,2,1,1,3,2,3,7,6,2,4,6,3,1,3,2,4,3,4,3,2,3,6,2,7,5,5,5,3,4,2,6,2,4,5,2,5,3,4,5,1,3,2,1,1,3,5,1,5,2,4,2,6,1,2,2,2,1,2,2,4,7,2,2,3,2,5,2,1,5,3,1,1,2,3,2,1,1,2,1,2,5,2,3,1,2,1,5,3,4,2,4,3,1,4,3,4,2,5,2,3,6,3,5,5,4,2,3,2,3,2,5,2,3,6,4,5,3,2,2,3,4,4,3,3,3,6,3,4,2,7,5,3,2,5,3,3,2,7,6,5,4,3,2,2,5,5,4,2,5,4,1,4,4,4,6,3,4,4,4,5,4,4,4,4,3,5,5,4,2,4,5,3,5,5,5,5,5,6,4,4,3,5,2,5,3,2,4,2,4,2,4,4,3,2,5,3,5,4,3,4,3,3,1,3,3,4,3,2,3,1,3,7,,3,2,3,5,3,3,3,2,4,1,4,4,4,4,3,3,3,3,5,3,5,4,5,3,3,5,Hispanic,,150787
11/18/19 12:05,11/18/19 12:48,0,169.235.64.152,100,2564,1,11/18/19 12:48,R_dp3qtqU89iO2QPD,,,,,33.94729614,-117.4008026,,anonymous,EN,3,33,1,,4,,3,6,1,1,1,4,6,5,1,2,2,2,5,3,1,3,2,4,1,3,4,5,4,4,3,2,4,6,1,4,1,2,5,2,2,6,1,2,4,2,4,2,2,1,5,5,5,1,4,6,4,2,2,5,1,5,5,2,5,3,3,2,5,3,5,3,2,4,2,2,4,2,1,2,5,5,4,1,6,4,1,2,1,2,2,3,5,2,1,1,2,1,1,2,1,3,5,1,2,5,4,3,6,2,5,2,6,1,5,3,5,1,1,1,5,1,1,2,3,1,1,1,3,6,1,4,1,2,5,1,1,3,1,3,2,5,5,5,1,2,3,1,4,4,6,1,5,5,3,2,1,2,2,1,4,5,5,4,6,1,3,6,4,4,2,3,5,4,5,2,4,2,3,3,3,5,5,5,4,1,4,3,4,3,5,2,3,2,3,4,3,4,4,5,1,3,3,3,4,4,5,5,4,1,4,2,5,5,5,5,5,5,5,4,3,3,5,4,3,3,5,2,2,4,5,4,5,3,1,6,5,5,3,2,4,5,6,3,5,5,4,1,4,3,5,3,6,5,1,3,5,6,3,5,2,4,3,4,3,4,5,4,4,4,3,5,3,1,3,6,4,6,4,5,5,2,5,3,5,5,3,1,3,5,3,3,2,4,4,3,4,2,3,5,3,3,6,3,3,3,3,3,4,4,4,2,4,4,5,4,3,2,2,2,4,2,3,1,1,4,1,3,7,1,1,6,2,3,1,5,4,3,3,5,5,5,3,3,4,1,1,1,5,3,3,1,4,,5,2,1,3,5,1,1,2,4,1,3,2,3,2,4,3,3,5,4,1,5,2,2,4,1,2,3,1,5,4,4,1,6,3,1,2,1,2,3,5,1,5,1,2,5,2,1,2,4,3,2,1,5,4,4,1,4,2,5,1,2,2,6,1,2,7,2,2,3,1,4,3,5,1,5,3,4,2,5,2,7,6,1,2,1,6,3,5,4,4,3,4,5,3,5,7,5,1,7,5,1,1,1,2,2,4,1,1,2,4,3,5,2,5,3,2,5,4,3,3,2,2,5,2,5,6,4,3,1,2,2,3,2,3,4,5,2,4,2,1,3,3,2,2,5,5,2,3,4,6,5,3,2,3,3,3,6,4,2,5,2,5,3,5,5,4,2,5,6,5,2,4,2,3,7,1,6,4,2,3,2,2,2,5,2,1,5,4,3,6,4,5,5,2,2,5,4,5,5,3,2,3,5,3,2,5,2,2,5,5,7,5,6,5,6,2,7,2,3,5,1,4,2,2,6,5,5,5,4,7,5,7,4,4,5,4,4,5,2,2,6,5,2,4,2,3,7,4,5,2,4,3,2,1,7,5,2,2,4,Hispanic/Latino,,150985
11/18/19 13:52,11/18/19 15:00,0,169.235.64.155,100,4063,1,11/18/19 15:00,R_3NVUhGGG7bWgD2m,,,,,33.94729614,-117.4008026,,anonymous,EN,3,18,2,,3,,5,5,1,1,1,1,1,6,1,1,1,1,1,4,1,4,1,3,1,2,4,2,3,2,1,1,4,6,1,1,1,6,5,2,6,2,5,1,1,5,1,1,1,1,4,2,3,1,1,5,1,5,1,1,1,1,4,3,3,2,5,1,4,4,4,4,4,3,1,2,5,1,2,2,5,5,1,2,6,2,3,3,6,2,3,1,6,1,2,4,5,5,4,5,1,4,1,1,1,4,6,2,2,2,2,1,4,1,1,4,3,1,4,4,3,1,1,1,3,3,1,1,1,6,2,4,1,2,1,1,1,1,1,3,1,4,4,3,1,1,1,3,6,4,1,2,4,1,2,1,2,1,2,1,4,3,5,6,6,4,3,3,3,4,5,3,3,4,3,3,4,4,4,4,2,5,3,4,5,2,4,3,4,3,4,5,4,5,2,4,4,5,4,4,1,4,3,4,3,4,5,5,4,4,4,4,5,6,4,5,4,3,3,5,4,4,4,5,5,3,4,3,5,4,4,5,4,2,2,6,5,6,3,6,4,5,4,4,4,3,6,4,4,5,4,2,4,5,3,3,5,5,3,4,4,4,3,5,2,3,4,5,3,4,4,4,5,2,4,6,3,5,3,4,4,6,5,3,3,3,3,3,4,3,3,4,4,4,3,3,4,3,3,4,4,3,5,5,4,4,4,5,5,3,2,1,1,1,1,1,1,1,2,2,1,1,1,1,1,1,1,2,1,1,2,1,1,1,1,1,1,1,1,1,2,2,1,1,1,2,1,2,1,1,1,1,1,1,1,2,3,1,1,1,1,1,2,1,2,2,3,2,1,1,1,1,1,1,2,1,1,2,1,1,2,1,1,1,1,1,2,4,2,1,1,1,1,1,1,1,1,2,5,1,1,1,1,2,1,1,1,2,1,1,1,1,1,1,1,1,1,3,1,5,1,1,1,1,1,1,1,1,1,1,1,2,1,1,7,3,1,1,1,1,1,1,1,1,1,3,1,1,1,2,2,1,2,2,1,1,1,1,1,2,1,1,3,3,2,4,2,3,3,3,5,5,2,2,4,3,2,3,3,5,2,2,3,3,3,3,2,3,5,3,3,2,3,2,2,2,4,4,2,5,4,3,3,5,5,3,2,4,2,2,2,2,3,4,4,3,3,3,3,3,4,6,3,2,3,4,3,2,3,2,4,3,2,3,2,2,4,3,2,3,3,4,4,3,5,2,3,3,4,5,3,4,3,5,2,3,2,3,4,3,6,2,3,5,4,2,4,4,4,2,7,3,4,4,3,2,3,4,3,2,3,1,3,3,3,7,2,2,3,4,3,2,2,3,3,3,3,3,2,3,4,2,2,4,2,3,4,3,4,2,3,2,5,Hispanic ,,152098
11/18/19 14:36,11/18/19 15:05,0,47.51.27.212,100,1748,1,11/18/19 15:05,R_qQjqzlxekkp1As1,,,,,33.938797,-117.4160004,,anonymous,EN,3,19,2,,2,,6,8,1,6,6,6,7,6,2,5,3,3,5,6,6,5,6,4,2,6,5,6,5,6,6,6,6,6,4,4,2,6,6,5,3,5,1,3,6,3,7,7,5,1,2,6,5,4,5,7,7,7,7,4,6,5,6,7,5,5,3,5,7,3,5,5,6,6,1,6,6,6,6,4,7,7,5,2,6,5,3,3,3,3,5,4,5,6,5,6,7,6,6,3,3,7,7,2,3,5,6,5,7,6,2,4,7,7,1,5,6,3,5,3,6,6,,5,4,5,1,4,3,7,5,7,4,3,5,7,4,3,7,3,5,7,5,6,2,6,2,3,2,6,7,6,5,4,6,6,3,4,5,5,4,7,7,6,7,5,6,7,6,6,7,7,6,6,6,6,7,5,6,5,5,6,5,5,6,4,3,6,6,5,5,6,7,5,5,7,5,6,7,6,1,5,5,5,3,5,7,7,7,5,7,6,7,7,7,7,7,5,6,6,5,6,7,6,5,5,5,4,6,6,7,7,5,4,5,6,6,5,5,5,7,7,7,6,7,6,4,7,7,6,7,6,5,6,5,6,7,7,4,7,5,6,5,5,6,7,4,7,6,7,6,7,7,5,6,5,4,7,7,6,5,7,7,6,6,6,7,5,6,7,3,7,5,5,4,5,7,5,3,5,5,6,7,6,7,7,7,7,7,6,7,3,5,4,6,2,5,2,3,6,5,5,2,6,3,2,5,6,3,2,3,5,3,2,2,3,4,6,4,3,3,5,3,3,2,3,5,3,5,2,2,3,2,2,3,2,6,3,2,3,2,6,4,3,2,2,3,3,3,6,3,2,2,4,6,2,2,3,2,3,7,6,6,2,4,5,6,6,6,5,3,3,6,3,2,5,5,5,5,2,6,5,5,6,2,1,3,6,3,6,3,5,5,5,3,3,1,5,4,7,6,2,6,2,2,3,7,2,5,2,2,3,5,2,7,7,2,2,3,4,2,2,2,3,2,5,6,2,4,3,6,3,3,3,2,3,5,5,2,5,6,2,6,7,3,7,5,7,5,7,7,7,6,3,7,6,4,7,7,6,2,6,5,3,2,3,5,7,7,6,5,3,7,6,5,4,5,7,3,7,5,7,3,7,7,4,2,7,3,5,5,4,7,5,5,5,3,7,5,5,5,7,2,4,4,7,7,2,3,2,7,6,7,3,2,6,5,7,6,4,7,7,7,6,7,7,7,7,7,5,7,7,5,5,5,6,5,5,7,5,7,3,7,7,7,7,6,6,5,5,7,7,7,5,7,5,7,5,3,6,6,5,2,3,3,7,4,5,4,6,5,5,6,5,5,6,3,4,3,5,5,2,7,4,4,7,7,6,4,6,7,7,7,hispanics and latino,,153034
11/18/19 13:44,11/18/19 15:40,0,169.235.64.177,100,6930,1,11/18/19 15:40,R_6yQoHVfvxx2whXj,,,,,33.94729614,-117.4008026,,anonymous,EN,3,18,1,,2,,4,6,1,1,5,1,1,1,1,1,1,1,1,1,1,1,5,1,1,1,1,4,1,2,1,1,1,1,1,1,1,1,1,1,1,2,1,1,1,1,1,1,1,1,1,1,1,1,1,1,1,1,1,1,1,1,3,1,1,1,1,1,1,1,1,1,4,1,1,1,1,1,1,1,1,1,1,1,6,1,1,1,1,1,1,1,1,1,1,7,1,1,1,1,1,1,1,1,1,1,1,1,1,1,1,1,1,1,1,1,1,1,1,3,1,1,1,1,1,1,2,1,1,1,1,1,1,1,1,1,1,1,3,3,1,1,1,1,1,3,1,1,1,1,1,1,1,1,1,1,1,1,1,1,1,7,5,7,3,5,5,1,6,5,2,5,4,7,7,2,7,5,6,4,1,7,4,7,7,1,4,4,4,6,6,5,3,1,4,7,6,5,4,2,1,4,7,5,3,3,7,7,7,7,5,7,7,2,5,7,2,4,5,6,7,1,2,7,1,2,1,2,7,3,4,5,7,1,2,6,5,1,5,3,6,6,5,5,7,5,5,7,7,5,7,6,7,5,5,1,7,6,3,3,4,2,2,4,4,5,2,6,2,3,6,7,6,2,1,1,6,5,3,5,6,7,7,7,4,2,7,2,4,6,3,7,2,4,4,2,7,2,4,4,7,1,3,5,1,7,5,7,4,1,3,3,3,1,1,3,6,7,2,1,5,1,2,7,3,1,4,5,2,7,5,2,4,3,1,1,4,1,3,3,5,7,4,4,2,1,2,1,2,7,4,1,6,3,1,2,1,7,5,1,6,6,5,3,1,1,7,1,4,6,4,3,5,1,6,1,1,7,3,1,6,7,1,5,4,2,6,4,7,4,4,1,5,1,6,4,7,1,5,1,3,7,2,4,1,2,5,5,7,1,1,6,1,7,6,1,1,1,1,4,4,5,3,2,7,3,6,2,7,5,7,1,3,4,7,7,3,4,4,5,2,5,2,7,5,7,3,5,7,1,5,3,5,1,1,1,1,4,2,1,1,3,1,1,7,6,1,7,7,7,4,6,4,2,5,4,2,7,7,2,7,5,1,6,3,3,3,7,4,5,3,5,7,4,1,5,3,5,1,5,6,7,2,7,5,1,2,3,7,4,5,5,7,7,3,1,2,7,2,7,5,6,1,1,1,7,3,3,7,6,5,7,7,1,3,7,2,7,4,2,6,7,5,1,4,4,7,7,3,5,5,7,7,6,4,6,1,1,6,7,7,1,6,7,5,7,1,6,3,3,5,3,7,4,6,6,7,3,5,4,7,7,4,4,3,7,7,7,7,6,7,6,4,4,7,4,5,3,7,7,1,7,6,4,2,5,2,3,7,7,2,4,4,Hispanics/Latinos,,152200
11/18/19 15:46,11/18/19 16:33,0,169.235.64.161,100,2864,1,11/18/19 16:33,R_1iq7rfOlqfcLwNH,,,,,33.94729614,-117.4008026,,anonymous,EN,3,18,2,,3,,6,6,1,4,1,1,4,1,1,3,4,1,4,1,4,1,4,3,1,1,4,1,4,1,5,4,5,1,4,3,2,4,4,2,1,4,2,1,2,1,1,6,1,1,5,1,3,1,3,4,4,4,4,5,4,1,4,1,1,1,1,3,4,4,1,1,3,5,2,4,5,1,4,1,1,1,3,4,6,2,2,4,4,4,4,4,4,5,2,1,1,1,5,4,1,5,5,4,1,1,4,4,5,1,1,1,3,1,1,4,3,1,1,5,4,4,3,1,4,1,1,4,1,4,4,1,1,1,3,4,1,4,1,3,4,4,3,2,3,1,2,4,1,4,1,1,1,1,1,4,2,3,1,1,3,4,4,5,3,2,5,3,4,3,4,4,3,4,4,3,3,4,4,3,4,3,3,4,4,3,3,3,4,3,3,3,4,3,3,4,4,3,3,4,1,4,3,4,3,4,4,4,2,3,4,3,2,4,3,3,4,3,4,5,4,3,4,2,4,3,4,4,4,4,4,3,4,1,3,6,3,4,3,4,3,4,4,3,4,4,2,4,4,4,4,4,5,4,3,4,3,3,3,3,3,3,3,3,4,3,4,4,3,6,5,4,4,4,3,4,5,6,5,3,4,5,4,4,3,4,2,4,3,4,3,3,3,3,3,4,3,4,2,3,4,3,4,4,3,3,3,3,3,3,3,1,1,3,1,1,1,7,1,1,1,1,1,1,3,1,1,1,1,1,1,1,1,1,1,1,1,1,1,1,1,1,1,1,1,1,2,1,1,1,1,1,6,1,1,2,4,1,3,1,1,1,1,1,1,1,1,1,1,1,1,1,1,1,1,1,1,1,1,1,7,7,1,1,1,1,1,1,1,1,1,1,1,1,1,6,4,1,5,1,1,1,1,1,1,1,1,1,3,1,1,3,1,1,1,1,1,1,1,1,1,3,1,1,1,1,1,1,1,1,1,1,1,2,7,3,3,1,1,1,1,1,1,1,1,1,1,1,1,1,1,1,1,1,1,1,2,1,1,1,1,1,4,4,4,4,4,4,7,3,5,5,5,5,5,6,3,5,6,3,4,4,3,4,3,4,3,3,7,6,3,5,5,4,4,5,4,5,4,5,4,5,3,7,5,4,2,5,4,3,5,4,4,7,4,3,3,5,5,5,7,6,3,3,2,7,3,4,5,3,5,5,4,3,3,5,3,3,4,3,5,6,4,4,6,4,5,6,5,5,5,5,3,4,4,3,4,2,5,5,6,3,6,3,5,5,4,3,3,3,3,4,4,4,3,4,4,5,4,4,5,4,4,5,5,7,4,4,4,5,4,5,4,3,5,5,4,4,1,4,4,4,5,3,4,4,4,6,5,3,4,3,5,hispanic latino,,151135
11/18/19 14:56,11/18/19 17:12,0,169.235.64.168,100,8143,1,11/18/19 17:12,R_2BbKnTTJx3X3V1p,,,,,33.94729614,-117.4008026,,anonymous,EN,3,18,2,,3,,4,6,1,3,5,2,3,5,3,2,6,,3,4,2,2,3,3,4,4,4,4,4,3,,3,5,5,3,2,3,2,5,2,3,5,2,2,2,4,5,5,4,1,4,4,3,4,4,5,6,5,6,4,5,4,5,5,4,3,1,4,5,4,6,7,5,4,2,3,5,3,3,5,5,5,2,2,6,4,3,3,3,5,5,4,5,5,4,5,5,4,5,2,5,7,3,1,2,5,6,5,5,3,4,3,5,5,3,4,3,1,3,3,4,5,1,3,3,7,3,3,4,5,4,7,1,4,4,,2,2,6,3,3,5,5,3,4,4,3,2,5,3,4,5,4,5,5,5,4,3,4,2,3,3,3,5,7,3,5,5,3,3,3,4,5,2,5,3,3,4,5,4,3,4,4,3,5,2,5,5,5,4,3,4,5,4,3,5,3,5,5,3,1,3,3,3,4,4,5,5,4,3,3,5,3,3,4,3,4,3,3,4,3,4,4,5,5,2,3,5,5,3,4,3,3,3,5,6,3,5,4,5,4,5,5,2,3,4,2,5,4,3,3,5,5,5,2,4,3,5,3,5,4,4,6,5,3,3,4,5,4,5,6,5,3,3,5,6,5,5,3,2,5,5,5,4,5,4,4,5,3,5,3,5,3,5,3,5,5,6,3,4,2,4,5,3,3,5,3,5,5,5,3,1,2,5,5,4,4,5,1,2,3,3,1,1,1,1,5,3,5,1,1,5,2,1,3,2,2,5,5,2,3,3,1,2,1,5,1,2,4,,4,4,7,1,3,2,5,2,2,3,3,5,2,5,4,4,4,3,3,2,3,5,5,4,5,2,1,2,1,3,7,5,5,3,1,2,5,5,4,5,2,2,2,3,5,5,6,4,5,2,4,4,4,3,4,5,4,6,3,4,4,2,5,1,2,2,1,2,1,7,5,5,3,3,4,5,5,5,1,2,4,2,2,4,7,7,4,2,1,3,2,2,3,2,2,5,7,5,3,6,6,3,2,5,3,3,1,2,3,2,5,5,2,3,3,3,2,3,5,5,6,3,5,4,5,5,2,5,5,5,3,3,5,2,3,2,2,3,6,5,2,3,5,3,4,4,2,4,4,5,4,4,4,6,3,3,2,3,2,3,5,4,5,5,5,4,4,5,3,6,4,4,3,4,4,5,2,4,5,2,5,5,3,3,2,3,3,3,3,5,5,5,3,3,7,4,5,5,3,5,6,5,3,4,3,5,5,2,3,7,7,2,5,7,3,5,4,2,3,3,5,5,5,5,5,5,5,2,5,2,3,3,5,5,4,7,2,5,3,5,6,5,3,4,3,6,5,5,5,3,5,2,3,3,4,7,5,4,5,3,3,2,3,hispanic/latino,My only comment is that this took me about an hour and a half to complete rather than an hour.,152347
11/18/19 19:32,11/18/19 20:00,0,169.235.64.155,100,1664,1,11/18/19 20:00,R_3HSMLXPIDPbPgJ8,,,,,33.94729614,-117.4008026,,anonymous,EN,3,18,1,,3,,4,7,1,4,6,1,2,6,4,5,4,7,4,5,6,7,7,3,5,7,5,6,6,1,5,6,6,4,5,6,6,7,2,6,6,7,6,6,2,6,4,5,5,1,5,6,5,6,3,1,4,3,3,7,3,3,5,6,7,7,5,3,5,7,7,6,6,6,3,2,7,6,6,6,6,7,6,3,6,6,7,6,4,7,5,7,6,6,5,4,7,5,3,5,6,5,3,5,6,7,4,6,6,7,6,6,6,6,6,5,3,2,3,6,7,7,6,4,5,5,4,6,3,5,6,6,6,5,6,6,4,3,7,3,5,7,7,4,6,4,6,7,4,2,6,5,5,6,5,6,4,5,5,4,3,4,7,6,7,5,4,6,6,5,4,5,5,7,7,6,4,7,6,7,2,2,6,5,7,6,5,7,6,6,7,6,7,7,4,4,7,5,7,4,1,7,4,6,6,3,6,6,3,7,6,5,7,7,6,6,3,5,7,2,2,6,4,6,7,7,6,7,6,4,2,7,6,6,4,6,4,6,7,7,7,6,4,6,6,5,2,6,4,3,3,6,5,7,5,6,2,5,3,7,6,7,4,4,7,4,6,6,4,5,7,3,4,5,6,7,6,6,5,2,4,7,6,5,6,7,7,6,5,2,3,6,5,7,6,5,3,6,5,4,5,4,7,6,6,3,5,3,5,4,4,3,6,4,2,3,3,3,1,2,6,3,5,6,1,6,2,5,2,2,6,4,4,1,4,2,1,3,3,2,4,4,4,5,4,1,3,5,6,2,3,1,4,3,5,2,4,3,5,2,1,5,3,4,3,6,3,3,3,6,3,2,3,3,2,7,4,6,1,4,2,7,1,3,2,1,3,7,2,6,3,5,2,6,3,2,4,4,5,1,3,3,3,6,1,4,7,3,1,7,2,2,3,3,2,1,6,4,5,7,2,6,6,1,2,2,1,3,4,4,1,3,5,5,7,4,2,1,7,5,5,2,1,4,2,2,5,2,4,2,5,1,4,2,5,3,6,3,5,6,3,5,6,3,6,4,3,5,7,5,5,6,5,4,4,6,4,4,6,4,6,5,4,3,1,3,6,6,3,6,6,3,5,6,6,5,5,2,6,7,3,5,3,5,5,3,2,4,4,5,4,5,6,6,6,5,4,4,6,6,6,6,6,4,4,6,5,4,6,6,5,2,5,4,5,5,4,5,5,7,4,5,3,1,6,4,5,4,3,5,5,7,5,6,4,3,6,6,5,4,7,2,4,6,5,4,5,6,5,4,4,4,4,6,6,6,5,4,4,6,3,2,3,4,4,7,3,6,6,5,3,5,4,3,7,4,5,5,4,5,5,3,6,5,5,3,6,4,6,4,5,3,5,Latino,,151489
11/18/19 19:37,11/18/19 20:09,0,174.195.210.75,100,1942,1,11/18/19 20:09,R_3Mofwujm3RLZLnf,,,,,33.938797,-117.4160004,,anonymous,EN,3,21,2,,4,,6,6,1,1,1,1,5,5,4,3,1,1,1,4,1,1,4,5,1,6,1,1,1,3,4,1,6,7,5,1,5,6,6,6,6,5,4,1,4,5,1,1,1,1,7,4,2,1,1,5,6,6,5,1,5,1,1,6,3,4,1,1,6,4,6,7,1,4,1,1,1,3,5,1,1,5,1,1,6,1,1,7,6,1,4,1,3,6,1,6,4,1,6,4,1,1,6,1,1,5,1,1,5,2,1,1,6,5,3,1,4,1,5,5,6,7,1,1,1,7,1,1,5,6,1,5,1,1,1,1,1,4,5,3,4,1,6,4,1,2,6,2,1,5,1,4,1,6,3,1,1,1,5,1,4,3,4,5,4,2,3,5,4,4,5,3,4,6,4,3,4,3,4,2,3,3,2,5,5,3,3,3,5,3,4,3,4,5,2,4,4,4,4,5,1,5,3,5,3,3,5,5,4,5,5,4,5,5,5,3,4,3,5,4,3,5,4,5,4,3,3,2,5,4,3,4,4,4,4,6,4,3,5,4,4,5,2,3,5,5,4,4,5,4,4,3,2,5,3,4,5,4,4,6,3,2,2,5,4,4,4,5,4,4,4,5,3,3,3,4,4,3,2,5,5,5,5,4,3,4,3,4,2,7,3,4,4,4,4,4,3,3,4,2,5,3,3,4,4,4,4,3,5,5,4,1,1,3,1,1,1,2,2,1,1,1,1,1,1,1,1,2,1,1,1,1,1,1,1,1,1,2,1,3,1,1,1,1,1,2,1,1,2,1,1,1,6,2,1,2,4,1,1,1,1,4,1,1,1,1,2,1,1,1,1,3,1,1,1,1,1,1,1,1,7,4,1,1,1,1,1,3,4,1,1,1,1,3,1,3,1,2,5,1,1,1,1,1,3,1,1,1,1,4,1,1,1,1,1,1,2,3,2,7,1,3,1,1,1,1,4,1,1,1,1,1,1,1,7,4,1,2,1,3,1,2,1,1,1,5,2,1,2,2,4,1,1,2,3,1,1,1,1,1,1,1,3,4,3,4,4,5,4,4,5,3,4,4,5,6,3,4,7,4,3,5,4,4,3,4,4,3,4,4,5,4,6,3,4,5,4,4,3,7,5,4,5,7,5,3,2,5,3,4,4,4,3,4,5,4,3,4,3,5,4,5,4,3,3,3,4,3,6,3,3,4,4,3,3,5,2,4,5,3,4,4,5,4,4,3,7,5,4,5,5,5,3,3,5,3,3,2,3,5,5,3,4,7,4,5,4,2,5,4,4,4,4,3,4,5,2,3,3,4,5,4,3,4,3,7,3,3,5,5,4,4,4,4,5,3,2,2,3,4,4,3,4,3,4,5,4,7,5,3,4,3,6,hispanic/latin(x),,152563
11/18/19 22:42,11/18/19 23:22,0,107.77.230.161,100,2381,1,11/18/19 23:22,R_0xsHvcLAyyrT0Od,,,,,34.13699341,-118.2375946,,anonymous,EN,3,19,1,,4,,2,7,1,5,1,1,5,5,3,1,1,7,4,5,1,7,4,1,1,1,4,6,6,5,1,3,4,6,1,1,3,7,7,7,5,7,4,1,7,7,6,7,1,1,7,1,5,4,7,7,4,1,7,6,7,1,7,6,7,7,1,1,1,6,7,3,7,7,1,1,7,1,7,1,7,7,1,1,6,1,5,7,1,1,7,1,3,4,6,1,7,7,7,3,7,7,1,1,7,5,4,4,7,7,7,1,1,1,1,7,1,5,1,1,7,7,1,1,5,5,5,2,3,7,1,4,7,4,1,7,4,1,7,3,4,5,1,7,1,4,4,4,7,7,5,7,7,7,7,1,1,1,7,3,5,1,7,4,7,6,3,4,5,1,2,5,3,5,2,5,7,4,3,1,2,4,3,1,1,2,3,4,7,1,1,1,4,3,1,3,1,4,5,1,1,1,3,3,3,3,6,7,1,4,4,2,5,2,3,3,4,3,4,3,1,6,2,4,3,5,1,1,3,5,1,4,1,1,1,6,1,7,2,4,4,5,7,1,6,1,1,4,6,6,6,4,5,5,2,1,7,2,2,7,2,3,2,3,3,3,2,1,1,5,1,4,4,1,4,6,4,7,1,2,1,1,5,1,5,5,5,1,3,4,3,1,4,1,1,1,4,1,6,3,1,5,4,2,6,1,2,1,1,1,1,7,7,7,7,7,7,7,1,6,7,6,7,7,7,6,7,7,7,7,7,7,7,1,3,5,7,7,7,7,7,7,2,4,5,4,7,7,7,7,6,5,7,7,7,2,7,7,7,7,7,7,7,7,6,7,7,7,7,7,7,5,7,6,7,5,7,7,5,5,7,7,7,7,7,3,7,7,7,6,7,3,7,3,7,7,7,4,5,7,7,6,7,7,7,5,5,7,7,5,7,7,5,7,7,7,3,5,7,7,5,7,7,5,7,7,7,4,6,7,7,6,1,7,7,7,7,7,7,7,7,7,5,7,7,7,7,7,5,7,7,5,7,7,7,7,5,7,7,7,5,6,4,5,2,7,5,5,6,5,3,6,2,5,5,4,3,7,7,5,2,7,2,1,1,3,6,5,6,3,2,3,7,2,2,4,1,6,3,7,5,4,3,7,7,1,2,7,2,2,2,4,5,7,2,4,4,5,4,7,6,6,5,5,3,5,2,2,7,3,7,5,5,3,4,7,1,5,4,2,7,5,5,6,5,4,7,7,3,5,6,7,4,5,4,3,4,4,3,7,5,4,7,4,6,7,2,4,5,1,7,2,5,2,3,4,5,5,4,5,7,4,4,4,5,7,3,3,1,7,2,6,3,4,5,7,4,7,3,5,5,5,7,5,7,5,3,3,5,7,7,3,7,Latino/ Hispanic ,Thank you for allowing me to be apart of this study it was very interesting.,153052
11/18/19 22:21,11/18/19 23:38,0,138.229.151.200,100,4595,1,11/18/19 23:38,R_3huxweLRDoJFAYh,,,,,33.938797,-117.4160004,,anonymous,EN,3,20,1,,2,,4,5,1,1,4,1,7,1,7,1,1,1,1,4,1,1,7,1,4,4,1,1,1,1,,1,7,7,1,7,1,1,7,1,7,1,1,1,1,1,4,4,1,1,7,1,1,1,1,5,4,1,4,1,1,1,4,1,7,1,7,1,7,4,7,7,1,1,1,1,1,1,4,1,1,1,1,1,6,1,1,1,1,1,4,4,1,1,1,4,1,4,7,1,1,7,7,1,1,4,1,1,7,1,1,1,7,1,1,1,7,1,1,5,1,1,1,1,7,7,1,4,1,7,1,1,1,1,1,1,1,1,1,3,7,1,7,1,1,1,1,1,1,1,7,4,7,1,4,1,1,1,1,1,1,1,1,6,1,4,1,1,1,4,1,1,1,1,1,1,1,1,1,1,1,4,1,1,1,1,1,1,1,1,1,1,1,1,1,1,1,7,7,1,1,7,4,4,1,1,4,1,1,1,1,1,1,1,4,1,4,1,1,1,1,1,1,1,4,1,1,1,1,1,1,1,1,1,1,6,1,7,4,1,1,1,1,1,1,1,1,1,1,4,4,7,4,1,1,1,1,4,1,1,1,1,1,1,4,1,1,4,1,1,1,1,1,1,1,1,1,1,1,1,5,1,1,1,1,1,1,1,1,7,3,1,1,1,1,1,1,1,1,1,1,1,4,4,1,1,1,4,1,1,1,1,1,1,5,1,1,1,1,1,1,1,1,1,1,1,1,1,1,1,1,1,1,1,1,1,1,7,1,1,1,1,1,1,1,1,1,1,4,1,1,1,1,1,1,2,1,1,1,1,4,1,1,1,1,1,1,1,1,1,1,1,1,1,1,1,1,1,1,1,7,1,1,1,1,1,1,1,4,1,1,1,1,1,1,1,4,1,5,1,1,1,1,1,1,1,1,1,1,1,1,1,1,1,1,1,1,1,1,7,1,1,1,1,1,1,6,1,1,1,1,1,1,1,7,7,1,1,1,7,1,1,1,4,1,1,1,1,1,1,7,1,1,1,1,1,1,1,1,1,1,1,5,7,4,7,4,7,7,5,7,7,4,1,7,7,1,4,7,1,1,3,1,1,1,7,4,1,7,6,1,7,1,1,6,7,1,7,6,7,4,6,7,7,4,1,2,1,1,4,1,1,7,4,1,1,7,6,1,7,7,5,1,1,4,4,5,5,4,7,4,7,7,1,1,4,1,4,4,7,5,7,7,1,7,1,7,7,1,5,7,7,1,7,6,7,4,1,7,4,1,4,7,4,7,1,7,1,4,4,7,7,1,7,5,4,1,7,1,4,4,1,1,7,1,7,4,6,7,4,7,7,7,7,1,7,4,4,4,4,1,4,1,1,1,7,1,1,7,1,7,7,4,Hispanic/Latinx,,151090
11/19/19 1:26,11/19/19 1:53,0,169.235.64.165,100,1594,1,11/19/19 1:53,R_3NWiTK53gDDp2OW,,,,,33.94729614,-117.4008026,,anonymous,EN,3,18,2,,2,,6,7,1,3,4,3,2,3,2,4,4,5,3,3,3,4,3,2,4,5,3,3,3,3,3,4,3,3,3,4,3,4,4,4,2,4,3,3,4,3,3,5,4,1,4,3,3,5,4,3,5,4,4,3,2,4,3,3,5,4,3,4,3,4,3,4,3,5,3,3,2,2,4,3,3,3,3,3,6,3,4,3,3,4,4,4,3,4,3,4,5,3,5,4,3,2,3,4,3,4,3,4,3,4,3,4,5,2,3,3,3,3,3,3,3,5,3,4,4,4,5,4,3,4,3,4,3,2,4,4,3,5,5,3,5,4,5,4,3,3,4,4,4,3,4,3,4,3,2,3,3,2,3,3,4,5,5,4,5,4,3,4,4,3,5,5,5,5,4,3,4,4,5,5,6,4,4,4,4,3,4,4,4,5,4,4,4,4,4,5,4,5,4,5,1,4,4,4,4,3,5,4,3,3,4,4,5,5,5,4,4,5,5,4,4,5,5,6,4,4,6,5,5,4,4,5,5,5,4,6,4,5,5,5,4,5,5,4,5,3,5,5,4,5,4,5,4,5,3,3,4,5,4,4,5,4,4,5,4,5,5,4,5,3,6,5,4,5,5,5,4,6,4,5,6,6,5,4,4,4,4,5,4,6,3,4,3,3,5,3,5,4,4,3,3,4,5,5,5,4,4,6,5,4,4,4,5,,4,4,5,5,3,3,4,5,3,4,4,3,4,4,4,4,2,4,4,,3,4,3,4,4,,3,2,4,4,4,3,3,4,3,2,3,3,4,4,4,,5,2,4,3,3,4,3,3,3,4,3,4,4,,3,3,4,2,4,3,3,4,4,4,2,3,,3,3,4,5,4,4,4,3,3,4,2,3,3,3,3,3,3,4,5,3,4,4,3,4,3,4,,4,,4,4,4,4,3,,3,3,5,3,4,4,,4,2,5,3,2,4,4,2,3,2,3,2,4,4,5,4,,4,2,3,3,,3,5,3,3,2,4,2,3,,,4,4,3,5,5,4,5,4,3,3,2,3,4,3,5,5,3,4,5,4,3,4,5,5,3,4,5,3,4,4,4,4,4,4,5,4,4,5,3,3,3,4,4,3,2,4,2,5,4,4,3,3,4,3,4,3,3,4,3,5,5,5,5,3,3,5,4,5,3,2,4,4,4,3,4,4,4,4,3,3,4,4,3,3,5,4,3,4,4,3,4,4,4,3,4,4,4,5,3,4,3,4,4,4,4,4,4,3,3,5,4,6,3,3,3,3,4,3,5,4,4,5,3,4,3,4,4,4,4,4,4,4,5,5,4,2,5,3,3,4,4,5,4,3,5,3,4,4,4,5,5,5,3,3,4,3,hispanic/latino,,152569
11/19/19 10:23,11/19/19 11:56,0,169.235.64.165,100,5548,1,11/19/19 11:56,R_1EYw43im8bfEt6j,,,,,33.94729614,-117.4008026,,anonymous,EN,3,19,1,,2,,5,6,1,4,4,3,5,6,4,4,2,4,3,4,5,4,5,3,4,5,2,4,6,2,5,2,5,5,3,3,3,1,5,3,3,5,5,3,4,3,5,4,4,1,5,5,4,3,4,5,6,6,3,4,3,3,5,5,4,4,4,4,6,4,5,4,6,5,2,4,5,4,3,4,5,4,5,2,6,5,5,4,2,3,5,2,4,5,2,3,5,5,5,4,3,5,5,3,2,5,2,3,7,3,3,1,5,6,1,3,5,1,2,5,4,4,2,3,3,5,3,5,4,5,5,6,4,4,3,5,4,2,5,3,4,4,4,5,2,3,1,2,3,3,6,6,4,5,3,3,4,4,5,3,4,4,7,3,7,4,5,6,1,3,6,7,5,4,4,4,6,1,6,3,3,5,2,6,5,7,3,3,6,5,2,3,6,4,4,4,5,3,7,7,1,5,7,5,4,3,7,7,7,4,5,5,7,7,4,5,5,6,7,7,6,6,6,6,4,7,3,3,6,3,5,4,6,7,3,6,7,5,7,6,7,7,7,6,6,3,4,5,5,7,5,2,3,3,3,3,5,3,4,6,5,5,4,4,3,7,4,5,3,4,6,6,6,5,3,3,4,5,7,5,5,7,5,5,4,3,3,6,5,6,3,6,4,7,1,4,4,3,1,2,4,2,4,5,7,3,4,2,3,6,7,1,2,4,2,1,5,5,2,2,1,2,2,4,3,1,3,1,5,4,1,6,1,4,3,2,3,5,4,3,3,3,2,5,3,4,5,3,2,3,2,2,5,1,4,2,5,2,3,2,3,6,3,3,1,2,5,2,2,1,1,5,3,2,2,1,1,5,3,2,7,6,2,3,4,2,7,2,2,3,2,1,2,2,3,4,5,2,5,1,4,5,5,4,2,2,2,6,5,4,2,4,2,4,1,2,1,2,3,7,6,3,4,1,2,2,3,1,2,2,2,2,3,2,7,6,2,2,1,5,1,3,1,4,3,6,4,1,1,1,1,3,5,4,3,2,3,1,1,1,3,1,2,3,3,5,1,6,5,2,2,3,5,4,2,3,1,3,3,2,3,2,2,2,2,4,1,3,3,3,3,1,4,2,1,3,2,3,1,1,2,6,2,1,4,3,2,1,2,2,2,3,2,4,1,1,1,2,1,2,2,2,1,1,1,3,2,2,5,3,4,5,3,1,2,3,2,3,3,4,3,2,4,2,1,1,3,3,2,5,4,5,4,4,3,4,1,4,3,6,5,2,3,3,1,4,2,2,4,2,1,2,1,4,2,2,3,2,1,2,2,2,2,2,2,7,2,4,2,2,3,2,2,1,2,2,4,1,2,2,1,1,1,3,2,2,3,2,3,3,1,2,1,Hispanics/Latinos,,153064
11/19/19 12:44,11/19/19 13:18,0,138.23.71.3,100,2047,1,11/19/19 13:18,R_3OkN7YnEpHnRBXo,,,,,33.94729614,-117.4008026,,anonymous,EN,3,22,2,,4,,4,4,1,2,3,2,1,4,1,1,1,3,1,2,1,1,1,1,3,1,1,1,4,3,1,2,1,1,1,4,3,4,1,2,3,1,1,3,1,2,1,1,1,1,3,2,1,3,2,1,1,1,1,3,1,1,1,1,2,5,2,4,1,1,1,1,1,2,3,2,3,1,3,3,2,1,5,1,6,1,3,2,1,1,1,1,4,1,3,2,1,4,2,1,1,1,1,4,4,1,1,1,1,3,3,2,1,2,3,3,3,2,3,1,1,1,3,2,1,1,1,1,1,1,1,1,3,5,3,1,1,3,1,3,1,1,1,5,2,3,3,4,3,1,4,1,2,1,1,1,1,2,1,2,6,5,5,5,7,3,5,1,6,2,5,6,4,3,4,2,7,5,5,4,3,5,2,4,5,6,3,5,6,5,5,5,5,3,1,3,5,6,6,4,1,1,6,5,3,6,6,5,5,5,5,5,5,6,5,5,5,5,4,5,2,5,4,6,3,1,4,3,6,4,3,5,1,2,1,6,6,7,1,4,3,6,6,7,4,3,1,6,6,3,3,5,5,4,3,1,3,5,4,7,4,4,2,2,1,6,6,5,3,4,2,4,1,1,5,7,5,7,5,5,5,5,5,2,3,2,5,6,2,5,3,6,5,6,5,4,6,3,2,2,6,1,4,5,4,5,4,5,5,3,3,6,6,4,7,6,2,6,4,1,7,7,5,1,7,7,3,4,3,5,6,5,6,6,3,4,3,1,4,4,4,7,5,3,4,5,2,4,5,7,1,6,1,5,4,2,1,6,7,4,7,4,5,7,3,6,7,7,6,5,1,7,5,6,4,2,7,4,7,1,6,1,4,5,7,7,5,7,2,2,5,2,5,4,7,1,5,1,5,5,1,6,3,6,5,3,3,3,2,1,7,7,1,7,7,5,3,7,3,1,1,4,3,2,7,2,6,6,7,7,7,7,7,7,7,7,4,7,7,4,7,7,6,6,1,5,7,2,7,4,7,7,5,7,5,4,4,7,7,5,4,1,4,6,5,7,4,7,7,7,7,7,7,4,7,7,3,7,7,7,6,7,4,6,3,4,5,5,7,6,3,3,7,2,6,3,6,7,4,7,5,7,7,7,5,4,2,6,6,7,3,6,6,6,7,4,4,6,2,6,7,7,6,5,3,7,5,4,7,7,7,5,5,4,5,7,4,7,4,4,6,7,6,5,7,7,7,7,6,5,7,7,6,6,7,4,4,3,4,7,6,3,7,6,7,7,3,7,5,2,7,4,5,3,5,4,3,3,4,4,7,4,5,6,7,7,6,6,5,7,7,4,6,7,3,6,6,7,3,7,5,5,6,7,4,6,6,7,6,5,3,4,7,hispanic,,151048
11/19/19 14:03,11/19/19 14:51,0,97.90.207.151,100,2895,1,11/19/19 14:51,R_03rUxIOfk3eHJct,,,,,33.94490051,-117.3834,,anonymous,EN,3,21,2,,4,,6,4,1,5,4,5,7,7,5,6,7,4,5,7,3,3,7,4,4,4,7,7,5,7,4,4,7,7,7,7,1,4,7,7,7,3,4,4,5,7,6,2,4,1,5,7,7,7,7,5,4,6,6,2,6,4,7,7,2,3,7,3,7,7,7,7,7,5,4,7,4,7,2,5,4,7,3,4,6,7,2,7,6,6,4,4,4,4,7,7,2,7,6,5,7,7,7,6,4,4,4,6,7,7,7,7,7,7,7,5,6,5,7,6,7,7,1,4,7,7,7,7,7,7,4,3,7,2,4,7,4,5,1,3,7,7,7,7,3,6,2,3,6,5,7,7,7,5,7,7,2,3,7,7,6,5,4,7,7,4,4,7,4,3,7,4,5,7,3,6,2,6,7,7,7,4,7,6,4,7,6,2,6,5,4,5,6,3,3,5,7,5,6,7,1,5,4,5,6,6,7,6,7,4,4,7,3,4,7,7,4,3,1,7,2,4,7,7,5,5,6,4,5,4,5,7,6,5,3,6,7,6,7,4,5,7,7,7,3,6,7,4,6,7,3,7,7,5,4,4,3,5,4,7,4,5,5,5,7,5,3,7,4,7,7,7,3,3,5,7,7,7,6,6,7,6,5,7,3,5,7,5,2,7,3,7,6,7,5,6,7,2,1,5,3,3,7,7,7,7,6,5,5,5,7,7,3,4,2,1,7,3,6,6,7,7,5,6,1,5,3,7,5,5,1,7,5,4,6,4,1,7,7,4,5,2,3,7,6,5,4,3,5,6,3,5,7,7,6,2,7,5,2,4,6,7,7,4,5,2,7,5,3,4,2,7,4,4,3,4,7,1,2,5,7,7,3,3,2,5,3,5,6,7,7,5,4,1,1,6,6,7,5,7,6,6,6,7,6,7,7,7,7,6,1,4,3,7,6,4,7,7,4,7,7,7,5,2,3,3,7,5,1,3,3,5,3,4,7,7,7,7,3,7,4,2,4,7,3,1,6,5,1,6,4,4,1,2,7,5,4,2,1,3,4,5,5,7,3,7,7,7,7,7,7,7,7,6,3,7,4,7,1,5,3,3,7,3,3,7,5,5,6,7,5,7,5,6,7,7,7,5,3,7,7,7,7,7,5,7,2,,7,7,7,6,7,7,4,5,4,7,7,7,2,2,5,5,7,7,3,4,7,2,7,6,6,4,3,4,7,5,4,7,7,7,4,6,7,3,7,6,5,5,7,6,7,2,7,5,6,7,7,7,7,2,5,7,7,7,4,2,7,5,7,7,7,5,7,6,5,7,3,3,7,7,4,4,3,7,3,7,7,7,7,4,4,4,7,4,3,4,5,5,7,5,5,7,3,4,7,7,3,5,5,7,7,Hispanic,,153070
11/19/19 15:31,11/19/19 16:20,0,169.235.64.162,100,2899,1,11/19/19 16:20,R_2qgePYHJxteDioF,,,,,33.94729614,-117.4008026,,anonymous,EN,3,24,2,,6,Latina,4,3,1,4,4,1,3,5,3,7,5,5,2,7,7,3,5,1,1,6,4,1,1,1,1,5,1,7,1,3,7,3,4,4,2,5,1,4,7,3,5,7,1,1,5,5,1,4,5,6,7,6,1,4,3,6,4,3,1,5,6,3,3,3,5,6,5,4,2,2,6,1,6,2,7,4,1,1,6,1,1,3,4,5,4,4,5,7,3,1,7,7,7,3,3,7,7,3,6,4,1,3,7,3,3,2,4,3,1,1,3,1,1,2,4,7,3,4,2,2,5,7,2,1,4,6,1,2,1,4,4,3,7,3,3,5,5,3,1,2,1,1,1,2,7,7,1,4,3,3,1,4,4,5,3,5,1,4,7,4,5,4,3,4,4,1,4,5,4,4,5,3,2,3,4,3,6,3,5,3,6,3,4,2,3,3,7,2,2,3,3,4,5,5,1,3,1,1,1,1,4,5,4,5,4,4,4,5,5,3,5,2,5,3,3,2,4,5,4,3,5,4,3,6,5,3,4,3,3,6,5,5,5,1,3,5,1,3,3,3,3,6,4,4,3,1,5,5,1,6,6,3,4,6,4,3,5,4,2,3,3,5,2,7,5,4,1,5,4,1,4,2,3,4,6,3,5,3,4,5,1,3,4,6,3,5,3,4,1,5,6,1,1,3,3,3,4,3,5,4,4,5,4,2,2,7,3,6,1,4,7,4,1,2,7,4,1,7,6,1,4,4,1,2,1,6,3,6,5,5,6,6,5,6,3,6,2,7,1,6,7,3,1,6,2,1,7,5,6,2,7,1,2,4,5,7,5,5,6,2,2,1,4,2,1,4,4,7,2,4,1,4,1,1,7,7,4,5,5,6,1,6,1,7,1,1,1,1,1,7,5,3,5,1,5,6,6,4,6,6,6,5,5,7,5,5,1,6,4,5,1,6,7,7,6,7,5,7,1,5,6,1,7,5,1,1,2,5,7,7,6,1,5,5,1,2,2,1,1,1,5,1,7,5,4,1,2,2,5,1,7,1,5,7,7,6,4,4,1,5,5,5,5,1,3,6,4,3,2,3,3,7,7,4,4,5,5,3,3,3,5,3,6,6,3,4,4,5,2,3,5,3,3,5,4,4,4,5,5,3,2,5,2,5,3,3,2,7,5,5,6,5,3,7,5,5,3,4,4,4,2,4,6,4,3,5,4,1,5,4,5,4,5,2,5,4,3,4,5,3,6,4,2,5,4,5,7,5,3,5,3,2,6,5,4,3,5,6,5,5,5,3,3,3,7,2,4,5,6,3,4,4,3,5,6,3,5,4,5,7,3,7,3,3,3,5,2,3,3,7,2,4,3,7,5,4,4,4,4,1,5,4,6,5,5,2,3,latino,,153082
11/19/19 17:35,11/19/19 18:04,0,108.123.244.230,100,1699,1,11/19/19 18:04,R_1dgWHI7lZcubnae,,,,,33.83560181,-117.9132004,,anonymous,EN,3,21,2,,4,,5,6,1,4,3,4,5,3,1,4,5,3,4,4,5,4,6,4,4,5,3,5,5,5,5,4,6,5,4,4,4,2,6,3,7,1,4,4,3,4,2,1,4,1,7,6,4,2,3,6,7,6,5,5,7,4,3,6,3,5,4,3,4,3,2,4,3,4,4,3,4,4,5,3,4,7,4,3,6,4,4,5,6,1,4,3,2,5,5,1,7,3,7,4,3,5,6,3,3,3,5,4,5,4,4,4,5,5,3,3,4,1,4,4,7,6,4,5,5,4,7,5,4,6,3,6,4,4,4,5,5,4,7,3,3,5,5,7,2,4,1,4,4,7,4,5,7,5,4,3,4,1,4,4,3,4,7,6,4,5,5,4,6,3,7,7,5,6,5,3,5,5,5,4,4,4,4,5,6,3,7,6,4,7,7,6,7,4,4,5,5,4,4,4,1,5,4,5,5,4,7,6,7,5,5,7,7,6,7,7,6,5,4,5,6,5,4,5,4,5,3,4,6,4,7,5,6,6,4,6,5,6,6,4,7,7,4,4,7,5,4,7,6,7,7,5,5,7,2,4,5,3,5,7,5,4,2,7,5,4,5,7,4,4,6,3,2,4,5,3,5,4,4,6,6,6,6,7,4,6,5,4,5,6,3,6,3,7,5,5,6,5,4,5,4,5,4,7,7,5,5,5,5,7,5,3,3,2,2,1,2,2,2,2,3,1,1,7,1,3,3,1,2,1,1,2,1,1,2,2,3,7,2,1,4,7,2,3,1,4,3,1,2,3,4,1,2,2,1,2,6,2,7,2,7,6,7,3,2,2,7,2,3,2,2,2,2,1,3,1,1,7,4,4,7,3,1,7,1,1,2,7,7,3,3,2,1,2,2,7,2,2,5,1,1,2,2,7,4,4,5,2,7,4,1,1,3,1,7,2,4,5,4,7,3,3,1,1,3,7,7,1,7,7,7,7,2,2,7,7,7,7,7,4,1,7,4,7,2,7,7,4,7,1,7,1,2,1,2,2,1,1,7,1,4,4,6,7,7,7,5,7,7,7,7,7,5,6,7,7,2,7,7,7,4,6,5,7,7,4,6,7,7,7,5,4,7,7,7,5,6,4,5,7,6,7,3,6,7,5,2,7,7,7,3,7,4,7,6,5,7,7,7,7,7,7,1,6,3,7,7,6,7,7,7,7,6,5,7,7,1,7,7,5,7,7,7,5,7,7,7,7,5,5,6,7,7,7,7,5,6,6,6,7,7,5,7,7,6,7,6,7,,4,7,6,5,6,5,7,7,3,6,6,7,7,7,7,6,7,7,7,7,7,7,6,7,7,7,5,6,3,7,7,7,7,7,7,7,7,7,5,7,7,6,5,7,hispanic,,151750
11/19/19 20:44,11/19/19 21:06,0,76.170.243.118,100,1310,1,11/19/19 21:06,R_3foZGci2wIBoQ4W,,,,,33.87890625,-117.5353012,,anonymous,EN,3,18,1,,3,,3,5,1,1,1,1,1,1,1,1,1,1,1,1,1,1,1,1,1,1,1,1,7,1,3,7,5,7,1,1,1,7,1,1,7,1,1,1,1,1,7,7,1,1,1,7,1,1,1,4,1,7,1,1,1,1,1,1,7,1,1,1,1,1,1,7,1,7,1,1,1,1,7,5,1,4,1,1,6,7,1,4,1,1,1,7,1,1,1,1,7,7,7,1,3,1,7,1,1,5,1,1,7,1,1,1,7,1,7,1,4,1,1,1,7,1,1,1,1,1,7,1,1,1,1,3,3,1,1,1,1,1,6,3,1,1,7,1,1,1,1,1,1,1,1,5,7,1,3,1,1,1,1,1,6,1,5,7,7,7,6,7,7,7,7,5,6,7,3,3,7,7,7,4,4,7,6,7,6,4,5,7,7,5,7,5,7,6,7,5,6,7,4,6,1,7,5,5,6,2,7,7,7,7,6,7,3,7,7,6,7,7,5,7,7,6,7,7,3,5,5,5,7,6,7,7,6,3,3,6,5,1,7,1,3,7,7,4,7,7,5,5,4,7,4,4,2,6,5,3,4,5,3,7,3,1,4,7,1,5,7,7,5,5,7,7,7,3,4,7,5,2,6,7,7,7,7,7,3,7,3,2,4,2,3,7,5,5,5,3,6,1,7,5,7,1,5,6,5,6,3,7,6,7,7,3,7,6,2,1,7,7,1,5,7,6,2,1,1,1,1,7,1,7,7,7,7,1,7,5,7,5,7,7,7,7,4,1,7,1,4,7,5,7,7,1,7,7,1,2,4,7,7,2,7,7,7,7,2,1,6,6,7,2,5,7,2,2,3,2,3,7,7,3,7,7,2,7,7,1,7,7,5,5,7,3,3,7,1,7,7,1,5,7,7,4,3,7,1,4,5,7,7,1,4,7,2,7,7,6,7,4,7,1,7,3,5,4,7,1,7,7,7,7,6,7,5,7,7,7,1,7,7,1,7,6,2,5,6,7,4,4,7,1,7,7,7,5,4,1,1,2,5,7,1,1,5,1,4,7,2,7,7,7,7,7,3,4,2,7,2,7,7,6,7,5,3,4,2,4,1,7,7,7,3,1,3,4,5,5,1,7,6,7,4,6,1,6,7,3,2,3,3,6,4,5,7,6,3,2,4,6,4,3,1,7,4,1,1,7,6,6,6,6,7,5,6,3,6,6,1,3,5,5,7,7,7,5,7,3,7,6,7,5,4,7,4,4,5,5,5,2,7,5,7,1,7,7,7,7,6,2,7,3,7,1,5,7,6,5,4,4,5,5,6,7,4,3,7,7,5,4,5,7,5,1,7,3,5,3,6,3,7,3,3,3,4,5,3,6,6,1,7,6,3,3,7,Hispanic/Latino ,,151837
11/20/19 13:37,11/20/19 14:08,0,169.235.64.168,100,1848,1,11/20/19 14:08,R_2VdtMCPoO7aO5sX,,,,,33.94729614,-117.4008026,,anonymous,EN,3,19,2,,"2,5",,3,6,1,3,4,2,6,6,6,3,2,3,2,3,5,5,6,2,2,4,2,5,2,2,6,6,6,4,2,4,4,7,4,3,4,3,3,2,5,4,5,6,4,1,4,6,3,2,2,6,6,6,6,6,6,6,6,6,6,4,6,3,5,2,7,4,6,4,3,2,2,6,6,3,5,3,2,1,6,3,1,5,6,2,5,6,2,5,3,5,6,4,7,6,2,6,3,1,2,5,6,2,6,2,6,2,6,3,1,4,5,2,1,5,5,7,2,3,3,6,7,5,5,4,3,6,3,3,3,2,3,2,7,3,5,3,4,2,2,5,2,5,5,7,3,3,4,5,4,3,2,3,2,2,5,6,4,5,4,5,4,6,5,4,5,5,5,5,5,5,5,4,5,5,5,5,5,6,5,2,5,6,6,5,5,4,5,4,5,4,3,6,6,5,1,4,6,5,4,6,5,5,6,5,5,6,5,5,6,5,4,6,5,5,4,5,5,6,5,4,5,5,5,5,5,5,5,4,2,6,5,6,3,4,6,5,4,5,4,4,6,5,4,5,6,4,5,5,2,5,5,5,5,4,4,5,5,6,5,3,4,5,5,5,5,4,6,2,3,4,5,5,3,6,5,5,6,5,4,4,5,4,5,5,3,5,5,5,6,3,5,5,5,5,5,5,6,5,5,4,5,3,4,5,5,4,3,2,4,3,3,4,1,2,2,2,4,3,2,2,5,6,5,2,3,5,2,3,4,3,5,5,5,3,3,2,5,4,5,4,2,3,5,4,5,2,7,4,4,2,5,2,4,2,2,2,5,3,2,3,5,3,3,2,4,5,3,2,6,4,2,5,3,2,6,6,3,3,3,7,5,5,3,5,2,3,5,3,3,7,5,3,5,3,3,3,5,2,3,3,3,6,2,4,3,3,2,5,2,3,1,3,3,7,2,6,4,3,5,6,4,3,4,1,3,4,2,2,7,6,3,2,2,5,3,3,2,2,2,1,5,3,4,1,5,2,5,4,3,4,3,4,3,4,6,1,3,5,2,5,3,5,5,5,5,6,5,4,6,6,5,6,3,6,5,3,4,4,6,3,4,5,7,6,5,4,6,3,5,6,3,6,5,6,3,4,5,7,4,5,2,5,4,3,3,2,5,4,5,5,5,6,3,4,5,2,5,3,5,6,4,5,7,3,7,6,6,5,3,4,6,5,3,6,6,6,5,6,4,5,7,5,2,5,6,5,6,6,6,5,4,5,5,4,7,6,4,4,3,6,5,5,6,6,7,4,6,5,3,4,6,6,3,4,5,3,3,4,4,7,4,5,5,5,3,4,5,5,4,5,4,5,5,4,2,3,4,4,3,5,5,5,5,3,5,3,4,Latin/Hispanic,N/A,150934
11/20/19 14:03,11/20/19 14:53,0,138.23.38.207,100,2982,1,11/20/19 14:53,R_ugAVPh9p9VgHjbz,,,,,33.94729614,-117.4008026,,anonymous,EN,3,18,1,,3,,6,8,1,3,4,4,4,4,4,4,2,2,4,5,4,4,5,3,3,5,3,4,3,2,4,3,5,5,2,3,3,4,4,4,4,4,3,3,5,3,3,6,4,1,4,5,3,4,4,4,5,4,5,3,4,4,4,4,4,3,3,2,4,4,5,3,4,6,3,3,4,2,4,3,5,4,3,2,6,3,2,4,4,4,4,4,1,5,3,4,7,6,5,4,3,5,5,2,3,4,5,3,5,3,3,3,3,4,1,3,4,3,2,5,4,5,2,4,2,4,3,5,5,5,3,5,3,4,4,4,2,1,6,3,4,5,5,4,2,4,3,1,4,4,5,5,5,5,4,3,2,3,3,2,,3,4,4,6,3,4,4,4,3,5,4,4,5,4,2,4,2,2,3,3,4,2,4,4,3,3,3,5,2,2,2,3,2,2,3,5,3,5,3,1,3,3,3,2,4,4,4,5,5,3,4,4,4,6,3,2,2,3,4,5,3,4,4,3,3,4,3,4,3,2,4,4,3,5,6,3,2,4,2,3,5,5,4,4,3,4,4,2,5,3,4,4,4,3,3,3,4,2,5,3,4,3,3,3,5,4,5,2,6,4,4,4,2,4,3,3,5,5,4,3,4,5,4,4,3,2,4,2,4,3,4,3,4,3,2,3,2,2,3,3,2,3,4,4,4,3,2,4,3,4,1,3,4,1,1,5,4,1,1,1,4,1,4,1,1,5,6,2,1,1,6,1,1,1,1,1,1,4,1,1,1,1,4,1,1,3,1,1,1,1,1,5,1,4,2,6,1,1,1,1,4,4,2,3,1,3,1,2,4,1,5,1,1,4,1,1,1,1,1,7,7,5,1,1,2,3,1,4,3,1,1,1,1,1,5,1,1,5,1,4,5,4,1,1,1,1,7,4,3,1,1,1,4,1,1,1,4,1,6,4,5,1,5,1,3,5,1,1,1,1,1,1,4,7,6,1,1,1,5,1,1,1,1,1,1,3,1,1,4,4,1,3,3,1,1,1,1,1,1,1,1,3,3,3,4,3,2,4,5,6,4,4,2,3,3,2,5,6,3,4,3,3,2,2,5,4,2,5,3,2,3,4,2,4,2,3,4,2,5,5,5,3,6,4,3,2,5,3,3,2,2,3,7,3,2,3,4,3,3,5,5,3,4,3,5,3,2,4,2,7,5,4,3,3,4,2,4,3,2,4,5,4,5,6,3,5,3,3,5,4,5,4,3,5,3,2,2,3,4,4,2,5,7,4,4,6,3,5,1,7,3,3,5,3,3,3,4,4,4,4,4,3,3,3,7,5,3,3,3,6,4,5,3,3,2,4,5,4,4,2,5,2,4,2,4,5,2,5,2,4,3,5,Hispanic / Latinx,,151540
11/20/19 16:43,11/20/19 17:07,0,169.235.64.176,100,1383,1,11/20/19 17:07,R_1N2FaPyT9T3exzF,,,,,33.94729614,-117.4008026,,anonymous,EN,3,18,2,,2,,5,3,1,4,3,4,4,4,4,4,4,4,4,4,4,4,4,4,4,4,4,4,4,4,4,4,4,4,4,4,4,4,4,4,4,4,4,4,4,4,4,4,4,1,4,4,4,4,4,4,4,4,4,4,4,4,4,4,4,4,4,4,4,4,4,4,4,4,4,4,4,4,4,4,4,4,4,4,6,4,4,4,4,4,4,4,4,4,4,3,4,4,4,4,4,4,4,4,4,4,4,4,4,4,4,4,4,4,4,4,4,4,4,4,4,4,4,4,4,4,4,4,4,4,4,4,4,4,4,4,4,4,4,3,4,4,4,4,4,4,4,4,4,4,4,4,4,4,4,4,4,4,4,4,4,3,4,4,4,4,4,5,4,4,4,4,4,4,4,4,4,3,5,4,3,4,4,4,4,4,4,4,4,4,4,4,4,4,3,2,4,4,4,4,1,3,4,4,4,4,4,4,4,4,4,3,4,4,4,4,4,4,4,4,4,4,4,4,4,4,3,4,5,4,4,4,4,4,4,6,4,4,4,4,5,4,4,5,2,5,5,4,4,4,4,4,4,4,4,3,4,4,4,4,4,4,4,4,4,4,5,3,4,4,4,4,4,4,4,4,4,4,5,3,4,4,4,4,4,4,4,4,4,4,3,4,3,3,3,5,4,4,4,3,4,2,4,4,4,5,4,5,4,3,4,1,1,2,1,1,1,1,1,1,1,2,1,1,1,1,1,1,2,1,1,1,1,2,1,1,2,1,1,1,1,2,1,1,1,1,1,1,1,1,1,3,1,1,1,2,3,1,4,1,2,1,1,1,1,1,1,1,1,1,1,4,1,1,1,1,1,2,1,1,1,1,1,1,1,1,1,1,2,1,2,2,1,1,1,1,1,1,5,1,1,1,1,1,1,1,1,1,1,1,1,1,1,1,1,1,1,1,1,4,1,1,1,1,2,1,1,1,1,1,1,1,1,1,7,2,1,1,1,1,1,1,1,4,1,2,1,1,1,1,2,1,1,1,1,1,1,1,1,1,1,1,4,6,6,4,4,4,4,6,4,4,6,6,4,4,6,4,7,7,4,4,6,6,5,4,6,4,6,4,5,6,4,4,6,7,4,5,5,6,4,4,4,7,4,4,2,4,4,7,6,4,4,4,6,4,7,7,4,6,6,4,4,6,4,4,4,4,4,4,4,6,7,4,6,6,4,4,4,6,4,4,6,6,6,4,6,7,4,5,7,7,4,6,4,4,6,6,6,7,7,6,6,7,4,6,4,4,4,4,4,4,6,4,4,4,4,4,4,6,7,4,7,6,4,7,6,4,6,4,6,4,6,7,7,6,4,4,6,6,4,5,4,4,6,4,5,7,5,6,4,4,7,latin Americans,,151804
11/22/19 13:10,11/22/19 13:23,0,169.235.64.161,100,767,1,11/22/19 13:23,R_3g0Lt6jCJnib1cD,,,,,33.94729614,-117.4008026,,anonymous,EN,3,20,2,,4,,6,5,1,4,4,4,4,4,4,4,4,4,4,4,4,4,4,4,4,4,4,4,4,4,4,4,4,4,4,4,4,4,4,4,4,4,4,4,4,4,4,4,4,1,4,4,4,4,4,4,4,4,4,4,4,4,4,4,4,4,4,4,4,4,4,4,4,4,4,4,4,4,4,4,4,4,4,4,4,4,4,4,4,4,4,4,4,4,4,4,4,4,4,4,4,4,4,4,4,4,4,4,4,4,4,4,4,4,4,4,4,4,4,4,4,4,4,4,4,4,4,4,4,4,4,4,4,4,4,4,4,4,4,3,4,4,4,4,4,4,4,4,4,4,4,4,4,4,4,4,4,4,4,4,4,4,4,4,4,4,4,4,4,4,4,4,4,4,4,4,4,4,4,4,4,4,4,4,4,4,4,4,4,4,4,4,4,4,4,4,4,4,4,4,1,4,4,4,4,4,4,4,4,4,4,4,4,4,4,4,4,4,4,4,4,4,4,4,4,4,4,4,4,4,4,4,4,4,4,6,4,4,4,4,4,4,4,4,4,4,4,4,4,4,4,4,4,4,4,4,4,4,4,4,4,4,4,4,4,4,4,4,4,4,4,4,4,4,4,4,4,4,4,4,4,4,4,4,4,4,4,4,4,4,3,4,4,4,4,4,4,4,4,4,4,4,4,4,4,4,4,4,4,4,4,4,4,4,4,4,4,4,4,4,4,4,4,4,4,4,4,4,4,4,4,4,4,4,4,4,4,4,4,4,4,4,4,4,4,4,4,4,4,4,4,4,4,4,4,4,4,4,4,4,4,4,4,4,4,4,4,4,4,4,4,4,4,4,4,4,4,4,4,4,4,4,4,4,4,4,4,4,4,4,4,4,4,4,4,4,4,4,5,4,4,4,4,4,4,4,4,4,4,4,4,4,4,4,4,4,4,4,4,4,4,4,4,4,4,4,4,4,4,4,4,4,4,4,4,4,4,4,4,4,4,4,4,4,4,4,4,4,4,4,4,4,4,4,4,4,4,4,4,4,4,4,4,4,4,4,4,4,4,4,4,4,4,4,4,4,4,4,4,4,4,4,4,4,4,4,4,4,4,4,4,4,4,4,4,4,4,4,4,4,4,4,4,4,4,4,2,4,4,4,4,4,4,4,4,4,4,4,4,4,4,4,4,4,4,4,4,4,4,4,4,4,4,4,4,4,4,4,4,4,4,4,4,4,4,4,4,4,4,5,4,4,4,4,4,4,4,4,4,4,4,4,4,4,4,4,4,4,4,4,4,4,4,4,4,4,4,4,4,4,4,4,4,4,4,7,4,4,4,4,4,4,4,4,4,4,4,4,4,4,4,4,4,4,4,4,4,4,4,4,4,4,4,hispanic,,148852
11/24/19 21:46,11/24/19 22:13,0,107.77.228.199,100,1619,1,11/24/19 22:13,R_3ksMpYor1g068Cl,,,,,33.97200012,-118.2420044,,anonymous,EN,3,20,2,,4,,5,5,1,5,1,5,7,7,7,6,4,1,4,5,7,6,7,5,6,7,5,1,3,5,7,6,7,7,7,5,1,7,6,7,5,7,5,1,7,7,4,7,7,1,7,7,4,7,5,7,7,7,7,4,7,7,7,7,7,5,1,1,6,7,7,7,7,7,5,5,4,5,5,1,7,7,7,4,6,5,6,7,7,5,7,7,7,7,5,7,7,3,7,5,5,7,7,4,4,7,1,4,7,7,6,1,5,5,1,1,4,2,2,5,5,7,4,3,5,6,7,7,7,5,5,7,4,5,5,7,5,6,7,3,7,7,7,7,5,6,5,7,2,7,7,7,4,7,5,4,2,7,6,5,5,5,5,4,7,4,5,4,5,4,4,4,4,4,5,4,4,6,5,5,4,5,4,4,5,4,5,5,4,5,4,4,4,4,4,6,4,3,5,5,1,5,5,4,4,4,7,6,5,5,4,4,5,7,6,5,5,5,5,6,5,6,4,5,4,4,4,4,4,5,5,4,5,6,4,6,4,6,5,5,3,7,6,3,5,4,5,5,5,4,5,3,4,3,4,4,6,4,5,5,5,4,4,4,4,7,5,4,4,7,5,5,4,4,4,7,5,7,4,4,4,4,6,4,5,4,5,5,4,5,3,5,4,4,4,4,5,4,3,5,4,5,4,3,5,4,5,4,5,4,4,3,7,5,1,7,7,6,1,1,5,1,1,6,6,1,5,3,7,1,1,7,4,4,1,1,4,7,7,4,7,4,3,3,1,5,6,5,5,5,6,4,7,5,7,2,7,1,4,3,3,7,7,5,1,1,7,7,6,1,1,7,1,1,7,1,1,7,3,1,7,7,4,1,4,5,7,7,6,7,5,6,1,5,4,7,7,7,5,6,7,7,6,7,4,6,6,7,7,5,1,6,7,7,4,4,1,1,1,7,7,7,1,7,3,1,7,1,1,1,3,1,1,1,7,7,3,1,1,7,3,1,3,4,7,5,7,1,7,7,7,1,7,5,1,1,7,3,7,5,1,5,4,7,1,7,5,5,7,4,6,6,5,5,5,5,5,5,7,6,5,7,3,2,5,3,4,3,7,6,5,6,5,5,5,4,7,5,7,7,2,7,5,7,5,5,2,5,4,4,7,5,5,7,5,3,5,5,5,4,5,7,6,4,5,5,5,5,7,3,7,6,5,5,4,3,7,5,4,4,5,7,5,6,7,5,4,7,6,5,7,6,5,4,4,5,3,4,5,5,7,3,7,7,7,7,7,5,5,5,5,4,4,7,5,5,5,4,4,7,5,4,4,5,5,7,4,5,5,6,4,6,5,5,4,7,3,5,4,4,5,5,5,5,5,5,5,4,7,5,7,4,7,latino college students and adults,,153112
11/29/19 23:19,11/29/19 23:51,0,104.35.64.174,100,1874,1,11/29/19 23:51,R_1mW9tJERedTfo8f,,,,,33.92489624,-117.459198,,anonymous,EN,3,,1,,2,,5,7,2,2,4,4,5,6,4,4,2,2,3,2,3,2,4,4,1,4,3,4,2,2,4,2,4,7,3,3,2,2,5,2,5,5,5,1,4,2,3,5,5,1,2,3,5,3,3,6,6,6,4,2,4,4,5,6,5,3,2,2,4,2,6,4,6,7,2,3,1,1,3,3,4,3,3,1,6,2,2,5,2,2,7,2,4,5,4,2,5,5,5,3,1,7,5,1,2,5,5,3,5,2,6,2,6,5,1,3,3,2,1,4,5,5,2,2,3,6,3,2,5,4,1,7,1,4,3,5,1,2,6,3,2,6,6,5,3,4,2,3,4,3,6,6,4,4,2,1,1,4,3,5,3,4,3,4,6,4,3,5,3,4,4,5,5,4,5,3,3,6,3,4,3,5,4,3,3,3,3,3,5,3,3,4,4,3,3,4,6,4,3,5,1,4,3,3,3,3,4,4,4,3,3,4,4,5,5,5,3,3,2,3,3,5,3,5,5,1,5,3,2,5,5,5,3,2,3,6,3,5,6,5,3,5,7,3,5,5,3,4,3,3,5,3,4,5,3,3,5,5,3,5,3,4,4,3,3,5,5,5,3,5,5,5,3,3,3,7,5,5,5,4,4,4,5,3,5,4,3,3,4,4,3,4,4,3,2,1,4,3,1,3,1,3,5,5,3,5,3,3,3,3,3,2,3,2,2,2,3,2,2,3,3,2,1,1,3,1,2,3,2,1,1,4,3,2,2,2,3,2,3,2,3,3,2,3,1,2,2,1,2,2,3,1,6,5,3,2,2,2,3,3,1,4,3,6,4,3,4,4,2,3,2,5,4,2,4,2,1,3,1,2,6,5,2,1,1,5,5,4,3,2,2,1,4,3,2,6,3,1,5,1,3,4,2,2,1,1,4,7,3,2,2,3,4,4,3,3,1,2,1,7,2,3,3,3,2,3,5,1,3,2,3,3,3,4,7,5,2,1,2,4,1,1,2,1,3,3,5,2,2,7,6,2,3,3,1,2,4,1,2,2,3,2,2,3,2,3,3,3,3,2,2,4,2,2,3,4,3,4,2,4,2,3,3,2,2,4,2,3,5,3,2,3,2,1,2,3,2,3,2,4,3,3,2,4,3,2,2,4,1,3,2,2,3,3,4,3,3,3,3,3,3,5,3,5,2,3,3,2,3,1,3,4,4,3,3,1,4,6,3,3,3,3,3,4,3,4,6,3,3,5,2,4,4,3,4,3,3,2,4,3,4,3,4,5,6,5,4,3,4,2,3,2,4,2,1,3,2,3,3,4,2,4,2,3,4,7,2,2,2,2,5,5,4,1,2,3,2,4,4,3,3,5,3,5,3,3,3,3,5,1,2,2,5,Latinos/Latinas,,150913
11/30/19 16:09,11/30/19 23:21,0,76.87.200.107,100,25915,1,11/30/19 23:21,R_9ot3jqG5hCtaQJH,,,,,34.13710022,-117.6598969,,anonymous,EN,3,18,2,,4,,4,7,1,3,1,4,2,2,1,4,1,1,1,1,5,4,3,1,3,4,5,2,3,3,2,6,1,1,3,4,1,7,5,2,1,1,1,1,4,5,3,5,2,1,5,3,4,5,1,5,5,6,5,5,5,3,1,2,1,5,2,1,5,5,5,7,5,4,1,1,3,1,3,1,2,3,3,1,6,4,1,4,5,1,4,1,1,5,1,1,6,3,5,5,1,1,3,1,2,5,1,1,2,1,6,1,1,4,1,4,1,2,3,4,1,6,1,3,1,1,4,5,4,3,1,6,1,4,1,3,1,5,5,3,5,5,5,4,2,5,5,3,4,3,2,1,5,5,2,1,1,6,6,3,4,4,5,5,4,3,3,3,5,5,5,4,5,5,3,5,4,5,3,4,4,4,3,4,6,5,5,4,6,4,5,1,4,4,5,3,5,6,3,5,1,1,5,5,5,,4,5,4,4,3,3,4,4,3,3,3,3,5,5,5,3,2,4,5,4,3,5,5,4,4,5,4,3,6,6,4,5,1,5,5,4,4,6,2,4,3,5,5,6,2,3,5,5,4,4,5,3,4,6,4,5,5,4,7,3,5,6,4,3,4,4,2,7,5,5,5,7,6,1,5,4,5,4,4,5,6,5,,4,3,3,4,3,5,4,4,7,5,4,2,3,5,5,3,3,6,4,4,5,6,6,6,6,3,6,3,7,4,2,5,3,3,3,4,5,3,6,4,1,3,2,3,2,3,5,1,5,5,4,3,4,5,3,5,3,1,3,3,5,3,4,7,3,4,3,4,1,6,5,6,5,7,2,3,4,6,5,3,6,5,4,3,3,7,4,1,3,1,2,7,6,6,4,1,3,3,2,3,4,1,4,2,5,5,7,7,1,5,3,3,5,1,5,3,1,6,6,3,3,5,3,2,1,3,2,1,6,4,7,4,1,3,5,3,4,7,1,3,5,4,2,3,3,7,7,4,1,3,7,3,3,3,2,3,7,2,2,3,7,6,2,7,3,4,4,3,5,3,4,5,4,6,4,5,5,4,5,7,3,4,4,5,5,5,7,4,6,5,5,5,5,6,3,5,5,4,5,5,5,5,5,4,6,4,4,5,7,5,7,6,4,4,6,4,4,2,5,4,3,4,4,7,4,4,6,5,5,4,5,5,6,5,5,6,4,4,5,7,5,6,6,4,4,6,7,4,5,4,4,5,5,4,4,4,4,7,5,3,5,6,5,6,6,3,4,5,4,5,7,5,5,5,4,4,5,5,6,5,5,6,4,5,5,4,6,6,6,3,4,5,7,4,5,4,7,3,5,5,7,6,4,5,5,5,7,6,5,3,6,3,4,4,4,4,5,5,4,5,5,5,5,5,hispanic,,152746